key_cliente;business_family;customer;customer_type;line_of_business;regional_sales_mgr;search_type
f4c7ed4deffd6b90999be330d578176e134ff36d419f3dbb1871240705822239;R3;Biz-comm Shop;G1;M1;S16;C
6059256699ec8d3a4c9f47fa2d7a0e5699db561f966ec8436de9392244818afb;O2;Teamsolve Shop;G1;N/I;S1;C
b42cca1b517715a052991f870b4953b52fbf1b01036e4bc155836d4dc606e072;R3;Cajun Shop;G2;N/I;S16;C
2d0a23fcf59c14199eb23a0d2f347f40f9c77c3b961f8e7c68a93d19fcaea45d;R3;Underwriters Supermarket;G2;N/I;S1;C
380cbbe5906a2fa10dbf66afec91bd3d401a6ce8c8dd8dc6d0cfb571db658ef4;R3;A&R Market;G2;N/I;S9;C
6608f170deeaf9eeb481c56cb80a5f17af016f91d820a9654051683c0f5e9f1d;R3;Gamacles Shop;G1;M1;S19;C
a7eba12dbdea0c641bfd9a674f2a34e5d36eafff3e8ee7196f27e899b33ec275;R3;Team Supermarket;G2;N/I;S4;C
45d60a82588774489a56814ffe76e6e9f15895273dd03714fa7f125758912e47;R3;J.M. Supermarket;G3;N/I;S8;C
16254f3c8a40fcc216a0dccbf5b953db4c244ae7b7762a0d028d5e09b9991e76;R3;Icon Market;G2;N/I;S1;C
b6248c17d1eeaf7991b3e213d17a94b32b5760a9fba85a0ba20047024b6b22a1;R3;Kari Supermarket;G2;N/I;S16;C
1b23343005b7a22703060de686c2d2c8a3724465255897547429e1ccdb6893de;R3;Livermore Store;G2;N/I;S16;C
5550e298bb66bc565b362c38dc6071389e784bfee43e32f657d8018a412c7bbe;R3;Valicert Midstore;G2;N/I;S16;C
f30e7d2fe0bd8487f719401076d0ebcd16850eecb5a9b93f23634153facc6309;R3;Filmotype Shop;G2;N/I;S16;C
790c8f866f6335383addbc53ee6bd1f301555b9644d6b2a70e4be537530b8505;R4;Panngea Shop;G2;N/I;S18;C
4b4cd3c7b45964f39a00cf1c6951f5cfa950c1293994e59c3b94144742898940;R3;Teca-Print Shop;G2;N/I;S16;C
aa7c049d754be87b469cfc52651e0d7c075e262407603b291ebc99c13f6c6fa3;R3;Metro-Goldwyn-Mayer, Supermarket;G2;N/I;S1;C
a2a787909148a0bc0303f071448732e5a4f41172003e1178f2fe6febba10f8d9;O2;Karsings;G2;N/I;S12;C
5371a9d2e9cc5c240a88b4436c9c84e188fd3a8f207028de76e6da01aa95d187;R2;MAXSTRAT Shop;G2;N/I;S5;C
d13cd0d9be50a7406bbe4266df80c07b0e379c0964bb92b817ba2677786f49ac;R3;Bendix Store;G1;M1;S19;C
f50c6149f72508f4b52390f1020164aaccae87151753aa1fd7ab48ad03397821;R3;HarveyOpolis Shop;G1;M1;S16;C
b11b002d62396ae61837aabb9d6009bca53dace523ce661ccc7d3a7b41af5a3b;R3;Litton Shop;G2;N/I;S1;C
d8232b81a2d43e0761b91db8d7ee0e84766c7655b361fb1080588182dd92008f;R3;Gainunion Shop;G2;N/I;S16;C
65b9c5a99dd376efd5c1d84829ff70b2f44dfddf5dc01c5bac50901e7be0c5a3;R3;Active Shop;G1;M1;S19;C
3772b6e9f2525b36fe38f8d59d8e3055ee1cdc23bd46e0bf3bacea20771bfb4f;R3;KAT Store;G1;M1;S17;C
9aa43a4bd9955945b9c4d9d114db166162ff46c8b943b0e3e6ce165c17976608;R2;Federal Supermarket;G2;N/I;S3;C
e828a24e364c00b327e13fc9ad368b25ef2d80f0bf619a6765104dfabc51eb0d;R3;Quantum Shop;G1;M1;S16;C
ddbddeadd239d1da651f2f40e37214d0040106543d3dc07ac86849bc8ecbc0b2;R2;Pacel Shop;G2;N/I;S5;C
3ed1a2eee2f101721d03fa7582cd76cc711a0a1dd20d91a6bc98e4ef2c41949f;R2;TICOR Shop;G2;N/I;S5;C
69e2d695a70f5fa849565faa465afc8eef952c7e5d61f4952520e00a5c87792d;R3;Acsior Shop;G1;M1;S19;C
5a9851d7bafbe7b212eede49dea287b0a2646c35d281adeb734404bef5974318;R2;Xediom Shop;G2;N/I;S5;C
457ec584cf82980d6d493138958b196e4c12f34045e66f67073e117bfa7681a6;R2;CAM Market;G2;N/I;S1;C
42aa1d8bfdd5121cea5715b1caa83b2cd7b6f8daf58f48028b62d470edf177f3;R3;Home Market;G2;N/I;S16;C
a76d247df0d564c18e7be5df913172e58f9900c8caa40e540e7b8436dbea38c2;R1;Central Supermarket;G2;N/I;S11;C
bb80991c5e9267d344de16f3ba78ce552fa1ef62b710148bfcd026367b1f41ed;R3;Screen Supermarket;G1;M1;S19;C
d0069e8eeab3c5776f579312282166535e19b27406d9e1b4185a0ad87126398c;R2;Capitola Market;G2;N/I;S5;C
58badcb6655edae79ed13d34db3e0776499b204567a30dd3042a13bf4fc8a4ff;R3;Pacific Supermarket;G3;N/I;S17;C
4941c35b1c12f810bb7ceac74dde50d518f45227b83b22bbd69ac5ea4fa47b8c;R2;Embedded Supermarket;G3;N/I;S8;C
bc6c02d8a076d24120576f859197159f9a9cbd7543bc4769bb7382792e41984e;R2;RC Market;G2;N/I;S5;C
377d90a0ce66da0883da169136eb8393d95fdfc3891ee3c92804c49e58c644f3;R3;edit.nl Shop;G2;M1;S16;C
55b9dab1c8849f24d283405bc6a69e52e0342b1ce367a09ea8454a41021891a9;R2;Edify Shop;G2;N/I;S2;C
dda65ec7e954e6c46d38a0b3d3c3daa7a24d3a5d52b39420c4a82229fa8d7a92;O1;Healtheon Shop;G2;N/I;S5;C
a11391910776a95d36e6e953cd0a261e26fa54c862fd9958786fc1c688b7c3be;O2;Maxwell Supermarket;G2;N/I;S12;C
3a3e870a40ebe3d013c6746d52d3d08259fcc1e068aed8a869ad21030f481698;R2;Packard Supermarket;G2;N/I;S9;C
d0a2b3f98782d3a03cd4f7f8832dd728b62ab2abc99e961f405ade34bd8e8aa0;R2;Del Supermarket;G2;N/I;S9;C
f53e6cfcb6b45b42ce5ce7fd25851045e6126808a735ed3ce7a8ead732c7522e;R3;Pacifico's;G2;N/I;S16;C
1eb44c4d02a2d42e05036bcc3e9b224459b09493257d54312a468666c5e6775b;R3;Helfand Store;G1;M1;S19;C
6922f14106f074825b8d9b05ae7ff6068c23c9f42da80d10e8dcf4d9c4704bbd;R3;Elucidex Shop;G2;N/I;S16;C
305697440f0e0387ac26323fbb9d7bd3c5b7c29cb6c0f3506c5dcd1b0a69b720;R3;Outsource Store;G2;N/I;S1;C
a8e24d697b7301ec52918c0ccfe00651a016813a6166c94f5bbc056bc44c3fcf;R3;De Store;G2;N/I;S14;C
df473818f35ebfededc614888f71d215d6e00f5475f113b0fad27fac603d3397;O2;Fenwick Supermarket;G2;N/I;S12;C
d1f542807d19ba11c91d3631a631df21376b6f789b85fb1a2cd382e66d92b153;R3;Kim Market;G2;N/I;S16;C
3e9dc14fbcba14378c706f37379aa4f0ec800a9697dc983f982cfcff5826f0f7;R3;Kabbalah Shop;G2;M1;S16;C
cd6ff2c03b906482f3ae73f4837f6ae5dd1f818ff49ab5a7649bb7e1f0ab402f;R3;PagePoint Shop;G2;N/I;S1;C
df01fc9dc8bcc92ac04ca6936350abe6a2c55442943bf5acd9153bf7c0ad0161;R3;J.A. Supermarket;G1;M1;S19;C
84852621d6fd905c9ffa5b16a65ff507a4821690dc561cdb1b052b941c19f31a;R1;Harts Superstore;G3;N/I;S2;C
f10506b7064e7f972b683c5c2cb5fe679c36f2837d91af0f5d31d51ef022a116;R3;e-MDs Shop;G2;N/I;S1;C
1e6da73e98023d2f8c4d62ef42f58341357c3cc21ee79c79e61f229e24f70e8c;R3;Trend Market;G2;N/I;S16;C
19ba83322b8466ef481d891f3a32a74f9a7dc672fd1d43c59049019c74e7fcd3;O2;K Shop;G2;N/I;S12;C
67dd4a12ac5b1f397d6226d4a7102cefc27fcad73b0f047ef1e89ad1b3153253;R3;Harvard Supermarket;G2;N/I;S16;C
e038ebd33875320e23150555c098bda2ac8bc93791f00ef1a088d010f8ec2de8;R4;Capitolnet Supermarket;G2;N/I;S18;C
9bda98ddf8a50acc81c164691a99ba9878d8a8bfea8ff883703247ac7d1819ef;R3;Kawneer Market;G2;N/I;S1;C
04f22f8bb5fc82797eecd3cc6a79d0c859ad192cd5ee08d8e228de7903deb9ce;R3;DCS Store;G2;N/I;S16;C
7443f654c4b08d06d25cade7f98c8a45f6d56507ad347c21bb911cc5b289dd0c;R3;UTStarGate Shop;G2;N/I;S16;C
850a8a7f6f1f1be714b4496d9c67d4b488af9d909b7479659c3bbf7cd6f502a7;R3;Sifton Supermarket;G2;M1;S16;C
4bf57c3672da0d34395d6f8bb047a9f86d32c54da426175f29a1cad59a6ae5b3;R3;Caribian Supermarket;G2;N/I;S16;C
7e98eede66c79481cf61e575c09f8b4bec07da3984a69fb9d105ac21d34a2e97;R3;HBO Supermarket;G2;N/I;S16;C
173abb600b99e8ac16d6888ad35224c6db59aa1989cf779a8fa7ad58d033ce69;R3;Iconation Shop;G2;N/I;S9;C
2977b93df5c71ad61c2b0f69c0fcf613f289cb69f78115b14b5836ffbfd1670b;O2;Pacific Market;G2;N/I;S12;C
74c3a52866158b7347178cdb29f093ce35b4fc485730ccd287272b81d0a42526;R3;T.M. Store;G1;M1;S16;C
705a491144a7c8beb562a4eccae9f2bc4e5aedd6547bd84c8bc95b103f178d6f;R3;EDC Supermarket;G3;M1;S5;C
45f870dfabe6f43a50da1959aa624302f3bb88128d580b7aa2e9bbfd9917dc02;R3;ediSys Shop;G2;N/I;S1;C
1bb20386a30430a73cd2d2e24c446957ed25d7843ca83daecb6ec5ebbf7e4904;O1;WDND Shop;G2;N/I;S5;C
a02fc5d4f776a7f26d9b1a4bb05f3eb93583c673ff7cab3f7b92909ef3369367;R3;Xetron Shop;G2;N/I;S16;C
c05f4fab5b621d87a3249c9427195c4237a95695c0d9506ddb7dbf9b49c876e7;R3;Pink Supermarket;G2;N/I;S16;C
4bebc6b3199544ce829271a2921580ad83e14690d31c2d5fef1826f38af79ebd;R3;Cam-Built Supermarket;G2;N/I;S1;C
496ad0ad84ed45d4308c899eb0a5363e4a5cd07431c2810fe6f495dcf3c0ae23;R3;Clearout Shop;G2;N/I;S16;C
776fe73eabc7bd11bb9b00b9bba099beacc3f16d1b48e3f884de5a50c63ee579;R3;Beech Supermarket;G2;N/I;S16;C
a2ec11d86504f6ec2e5a8b9ef1c1816ab57b5fe624df9f1816264054d711a1e3;R2;Grove Supermarket;G2;N/I;S5;C
6cf2886e1fb628b4a424d7fa37f86b6935e84f7f729b264a23132530383a0e0d;R3;ZipLip.Com Shop;G2;N/I;S1;C
7fe2c90ac061ab5c5828360a109bf7a2d41ede68d6be94c3184f90d383cf11de;R3;Accumedic Store;G2;N/I;S16;C
20f9d3b82fbdb3d3bd6d0aa0cd89e47874649d93d3c6c4f75f32c33a3aee038d;R3;Accidental Shop;G2;N/I;S16;C
8a98e172891339e041a3e58c89cfc3c0c285309e58bb54702276e259dc28959f;R2;Haz-Mat Store;G2;N/I;S5;C
a741c37848ec097ce2c8a6beab15699400d09493dd1132dd2d78f05b1712ac36;R3;Racal Store;G2;N/I;S5;C
c94011d293426cb03fa7a11d231a8c7bb68aec722df5de1d80367d990623eb7d;R3;Ubicco Shop;G2;N/I;S16;C
5415cb9f5f45105deb32b06381f16dbfda663956a6d1e1135b0656c46b06df22;R2;Maui Store;G2;N/I;S5;C
cf20a1f3f014e9caef5821af5a34ce23edee182fed709b34f0af953cb2237d85;R3;Ravenwerks Shop;G3;N/I;S5;C
12c6268ea8927fc274e0f131b9d1c6b813b83e2bf56c411fab28ba34f06128c3;R3;Page Store;G3;N/I;S17;C
43dafc74e3df46e4189b5c6a87e70f11af38df9962d60550a1b69e3cb5f3d007;R1;Paracel Gigaplace;G2;N/I;S22;C
143805edd30e18a2da2ba8ebbd8068121e08d8db10db79c69f4d7daf5509d26f;R2;Pinnacle Supermarket;G2;N/I;S5;C
4e07c99d3f334a6bbcd9b062c3c6707443d48a8b930b20d5159646010ed45898;R2;AccuCom Shop;G2;N/I;S5;C
5d8ee3ad3db6d5b751beb8dd15f204e492a5b3a97f3b58fb66ea8fab9f1bcec5;R3;Quantum Supermarket;G2;N/I;S16;C
d1268cca2e136f084fca53aaddbdc3a0539e51995f6d3da201e3e9b978072462;R3;Kool-Seal Shop;G2;N/I;S1;C
ce118a49abce7ea695a8de22f77b3b8723fade04b467c0bed2c0042e17af76ad;R3;SAIC Supermarket;G2;N/I;S16;C
c059fcacad320b42186a621376f4e883bcf987e59c4d80ad7b0f8bc47dd6b549;R3;High Supermarket;G2;N/I;S16;C
d7f18ae22f3569bfadd8797e53192312b5e75839db5f2d0bb78643683f6d54ec;R3;TECC Shop;G3;N/I;S5;C
5d7f27c9e7d611811760501ced8fc9b55d87105a4d9afc5fa4d9005774e6d51d;R3;David Store;G2;N/I;S16;C
e66ee0afa2578b00e86147898d0a94aafd5778e040adc17f792691bd0bcd9645;R3;Boott Store;G2;N/I;S16;C
de906a45ab6070ca9a4f935f36a7e1ced167b272d58e9e5e860a925b5d1cdc2c;R3;McGraw-Hill Supermarket;G2;N/I;S16;C
f3879276e9716587dfd8f48c6237271467b939fa59f07291918b7f147c9679ba;R2;Satyam Shop;G2;N/I;S5;C
1646a55c45d127c5e072320b31974811bd1960f00bc2343e7602f7c3a276a111;R1;Lee Megastore;G2;N/I;S20;C
172adca4309e2a1ccd2cbe0979206382608359a29da7d132f67325d588a356fb;R3;FiberPlex Shop;G1;M1;S19;C
15b72b9f05ff5f08b4d10be757fd43c71cfb2655383c4d6c28cf0a69fc943144;O2;R.J. Market;G2;N/I;S12;C
caa91e5924c10daeaa2eefa1e476296fcba26ff4354495d6f0b87c642132b575;R2;?change Store;G2;N/I;S11;C
7b8969613942b8a73226e4bdaa4a15f63eb257264334982e3c1b6a27dc419158;R3;Illuminati Shop;G2;N/I;S16;C
99078cd36a3a2576c57be4e335059ae45dfbd5fdf8d415fffe2b829e4d87962e;R3;Watcom Maxistore;G2;N/I;S16;C
4e99f7651f2f7e739b86b8caf09cb154a0710086512ea09920d6ef2308772698;R3;Xyratex Shop;G1;M1;S16;C
06b6bfdefda7ef18b534858d9bd46d137076b9b611b40a710d477257c6423671;R2;iLanguage Shop;G2;N/I;S5;C
00e4ccd003735045d6a56e17506b3f8e3e3445b5b473b7d29e4c483a56d0cd91;R1;Homestead Market;G3;N/I;S21;C
1e858e86a8c659ae753944dce0c885eb6b939bf37af6dc7c6bf43c46616cc1c2;R3;Your Market;G2;N/I;S9;C
e949a4f81f8e0d0a300a9721b53f80ffa7de961f463fc72a54840eac12766520;R3;PING Shop;G1;M1;S19;C
f021dc4a379c2de9676a42c605e855b607975c714874b418f8b6354c2da99d3f;R3;Fentek Market;G2;N/I;S16;C
0cea75bc2e928501b66a8fb2474ede6585dd347be8e62ccbb5ef978ecc52482d;R3;Pinnacle Supermarket;G2;M1;S16;C
a83512d362e310c8109f10e8a5dfe2893b9205384b325e3eaabb9c4ad4e15172;R3;BizNet Supermarket;G2;N/I;S1;C
c2ef774285ea9871e336d07c3e3f40c232a6977947412d83ab96b0cf13cf9fd0;R3;EDA Supermarket;G2;N/I;S16;I
380a07926bcc9c6867f45959d4a5216656f6cf122eef2c5f2d73172e2b13038c;R2;R&J Shop;G2;N/I;S11;C
565dc557839b9ef78fb4598fd33c5d4f07d893d7231f8e5f28e940dbfda5ebb7;R3;Bitstream Shop;G1;N/I;S16;C
f87259d35f27ce91a89615dc341e4ead3288e51f1eef155c94fd33cd06191622;R2;Gulf Market;G2;N/I;S4;C
1530a873c1717d77ef7ab91ca9ea395bda070ab7a342d98e6abe51598fd39e59;R3;Safe Shop;G1;M1;S19;C
53a16f151266dac92be72469a74eef0d48f3dcbe46d77fed09d828cdeafd82ee;R2;Zephyr Shop;G2;N/I;S5;I
7fcb617e2716686b9a7dd16389f75e25e90e10cb67a8d1806af53102c0b5a071;R3;BF Supermarket;G2;N/I;S16;C
36ae5944533d59e8c416b536dcaa132fd5adb37b045d303bc977f346f7e5df15;R3;Kerite Company;G2;N/I;S14;C
bf0f3192616feb76e2e08179642f5ab8d04be4906d187781f42daab7844c8481;R2;ACCUCOMP Shop;G3;N/I;S8;C
fa750af6cc0b59ca7c30c046dab4fd6ad6568acc4f05c1ae6f587beb7063e109;R2;Total Store;G2;N/I;S5;I
78cedaf79b412a69ce65425e67b597ad0c6f79bd27ac6b873dd88f71925fa661;R3;Fifth Supermarket;G3;N/I;S5;C
73b16b0f010abcf1a05ff2d25daff5717520655dc5f31ebd6d0ea79cb11d7ee3;R2;Abbotsbury Shop;G2;N/I;S5;C
49cf4e5fb7969b73eacc3138a9a0344df85bdb114e70e8f72ca10008bd12285b;R3;ABI Supermarket;G1;M1;S19;C
ddf2971896855064f32eb05ec26977e50be57b4b99f2bf2bb21e29a9b328e764;R2;Scottish Supermarket;G2;N/I;S2;C
3fb94217429c0f2b40739efc1e5aa580374193aa1819ba2af355d90b7e3e33db;O2;KentISP Shop;G2;N/I;S12;C
41e85102430c6f092c49dff2f9f6378b7482a4756115e418ad579980c1ade9f1;R3;K&K Supermarket;G1;M1;S19;C
c15df25a5c39f80be9b0bf0d087ee8b42bab2e457bd9b57787d251f9d8574df4;R3;Pallister Supermarket;G2;N/I;S1;C
a844784d5051786698fe007f6674fd90ad56a9d386e6732e80e0568c5fc3a8db;R3;Racal-Datacom Shop;G2;M1;S16;C
09bb81ba2c98ddeef4e0789e39d8f2a4c096c55680d8d894c8e2b638320a205d;R2;Venable Shop;G2;N/I;S5;C
d9750d259ded4c5922fdc71934f55910a1e95beaec4bde68b55d6546c8498627;R3;DC-Works Shop;G2;N/I;S16;C
d7cc62b63fd0a507abe84f6846cc5c3183d024a285d650771fad271fd8842832;R3;Neos Gigaplace;G2;N/I;S16;C
b1c4528b2c237399943adfbbab0d05598cee21d1d2474595434c3ce23e13bf25;R3;Geac Shop;G2;N/I;S16;C
b5e67fabb286e1b128f4b07238fde7671cb71e706220a2caf5b46fcfe3cee126;R3;Smith Supermarket;G1;M1;S16;C
d3343326c695814fafe5783d326569addaee97687049c7deb60f82230986c3f4;R3;Xyplex Shop;G2;N/I;S16;C
daa5cebba06ac6644e21b013987902d1cb7a351835ebf51d60787349ad9d4aab;R3;Diss Gigastore;G2;M1;S16;C
3fa4a3ca7409180e0485cc4004f9a662429f9dad0fd1adfd1756166f22a180ce;R3;Tangent Shop;G2;N/I;S1;C
7d6fc0d128e4a75f25f81d63e4c56b70eba3435a2e0cfacc45862067598bf7de;R3;hesketh.com Shop;G1;M1;S19;C
5f91cbf5771da4a9654574276cc898ce8112d038312dc5206b780212e07fcfae;R3;High Store;G2;N/I;S16;C
f38e46d7e5c1f5906142b3a0a694ab9ca5d4b2ace9880a152dfa8ef83ac76586;R3;AA-Wizard Shop;G2;N/I;S16;C
bfe9fca0764bb763255b97ec8da7d8aa383946fc93a817dc81acabd02b2c1e0e;R3;Edia Shop;G3;N/I;S5;C
ea2868689df583ade36d39bd37cf32fbd94b1cb38633b459bd8bacd7c897e49b;R3;CAF Market;G2;N/I;S16;C
c224c0a714a0213c6e8cd653c99553ae1f621b5fde2362284abcd9211a75da07;R3;Times Store;G2;N/I;S16;C
6a0b79183a723ae662b6819a3f48b625a01affc0307dedbefdf48ef5e027ae8e;R3;Ra Maxistore;G2;N/I;S16;C
1958dd10f66065dd7f717cd96e1dc80479591c5274b9e70a407bcdd3fddbb735;R3;Picka Superstore;G2;N/I;S1;C
a2cb98db5b9fedc8eea0a710feab4d74e738a4520eb7f758be42ab8fb541b8c0;R3;Fills;G2;N/I;S13;C
60457822d97b676a66173ef4653a8407ed3f7b35cec2200240f70608639fb9e6;R3;Page Market;G2;N/I;S16;C
ce4e4bfa6ef35f8fbac551896e0c81dd752c7451133ade4b1d39135a83da47b0;R3;Fibronics Shop;G2;N/I;S16;C
f32dfb6dbcdc769cd13841a4c91a414cd3aa2fa5d881d4dd6d3bef9982b893e2;R3;ACI Shop;G1;M1;S19;C
a08fe59fcfb77e657367c70b5b06bd4cbfa5187f5ca1fc94caab69e1be9785dd;R3;AccessWare Shop;G1;M1;S20;C
1e4577eb77e4553a8a1fd226d4c2c21534032013c9f054ab1ad1da81bd5bb2e6;R3;Dayton Supermarket;G2;N/I;S16;C
b04948d2b7d1d9e5356565c85fa116f259366c8eccf442bcb541a4c641405fbb;R3;Xcert Shop;G1;M1;S20;C
f255a77969379daf77633d152b0ffbb35c18440142df1f434a1dc598e6792c95;R3;a2i Shop;G2;N/I;S1;C
70bd8df5298329eab5014b9c63d1e91ee2e0a9372778f39f60d41bfc09338b60;R3;Active Store;G2;N/I;S1;C
0d3dce143c959dfe123e1f9da6822f71a838a4e58ed7884807878718cdf2e6c5;R3;Kaim Supermarket;G2;M1;S16;C
821cdc4a950a5c52e359f65027f89117e9cd793ad2d6cf64687a6a3c7a6fb5ee;R3;Pantech Supermarket;G2;N/I;S1;C
e4a0caf31f4019a5dd0646ae7955bee322f4e0aaf703f5871ef516e5a019ff2f;R3;GE Market;G2;N/I;S9;C
122f9e2b9b838c015fbf72bc6529b3fa3c1924dc46da8f7627cdbac48726e0c7;R3;SASCO Store;G2;N/I;S1;C
b0975cbafd24a4461ea0f4a030978be00d762b2d17be9036da69805de66348f1;R3;GammaGraphX Store;G2;N/I;S16;C
0b0cbd15dfe5f1755679c75f491c90dacf58d846e448bc66d687c4faf840ded9;R3;Keystar Superstore;G2;N/I;S1;C
4959c786b79b59797d3c75f690af1053d193ec3bd80c8c09b0b34bfb665d6646;R3;Quantum Supermarket;G2;N/I;S9;C
885b62413617cd6da5a4deafdf5e6357b2f03e9b9e700858e26cbd3113103f40;R3;CAPTA Shop;G2;N/I;S1;C
66f65942eed11da37f4bbc21e54fcc474374d7753485c73826a0dff08a936dc6;R3;SAS Supermarket;G1;N/I;S19;C
6b1dd0423a3fffae433dac2fb056880c2e81ae802cd113e20b016eaebf76a420;R3;FIBERWORKS Shop;G2;N/I;S16;C
fe86dc716c05b29d6ea1d76c75131f9c1ff6baca0e16fcf8e4b75002d6582eee;R1;HMR Shop;G2;N/I;S20;C
c5d91de4a8eefb3219e9fa19a42fd15a525557ab8b6163623fb9f3a7d7876c1b;R3;Bechtel Supermarket;G2;N/I;S16;C
4895b1264b63454a0793653d72bff4f616972f4473d34f7c0a11ffaece9a254b;R3;Reveal Supermarket;G2;M1;S16;C
9e830885f9d01af87bacf0b7511f16669e3a6ac6af2f14d920e0442a681b4077;R3;GDC Shop;G2;N/I;S1;C
9060b8da23bd245d88f8abaa50f2d19f67e254b32cf59d09b3e60c3abc995113;R3;OnDeck Store;G2;N/I;S1;C
124cf6ea2b15e271bb3a906a3a838086ddf3bca8761756326ae5435b3c6463ea;R3;Bounds Megaplace;G2;M1;S16;C
36477fb2029c1946496193f2dfc1b8333bf88710d8f4bdb01aa2af05b85fc2a1;R3;Panix Shop;G2;N/I;S4;C
3ccf6692d9e98de8c883d758c928ce95dfdeec7eb2f62cfaf676de9245fcfd41;R3;Reuters Supermarket;G2;N/I;S1;C
7f3b971cbe919a5d9b2ee0c4773c5ed07c558da455c9b80877b9d94bc2ab0ac3;R3;J.M. Market;G1;M1;S19;C
9839ad2e0b26bfaf629ccd3a7f467cf2997861a26396d2c04c30d53722d1d2eb;R3;Quallaby Megaplace;G1;M1;S16;C
9e14cfb0587e8d1d4bdc0d4b37f565d3d009adb4aa93846e7e336a37f0a8ccaa;R3;ABSolute Shop;G2;N/I;S16;C
1a579df6787cb7c480d425f941ada96e319c3ea81e043fcb15cca5746fe306de;R3;Degolyer Supermarket;G3;N/I;S5;C
d1419067925cadcf76ba48f32b632d38b5c7cb3762f1963b95b765e05c7e13cc;R3;C Store;G2;N/I;S16;C
3c5faa6058b3a82f6d6246cb832e38ae0bb1a80dc92b5f817a3ffe054fefaed2;R2;TAGnology Shop;G2;N/I;S5;C
b2a08deee2714baab0f07dff84c1788f0424f0db98cf57aafefbbf55bd19317a;R3;Yurie Market;G2;N/I;S16;C
b9a67d7b0e0121f783d8718faca63eac0b50fdab59ad1a3fad28d116d65286ca;R3;Earth Shop;G2;N/I;S16;C
bbca0e2da2d05ccaaa880931acd1d86a2be4d7d2e3b8ddf0af18549ee9f4a671;R3;Today Shop;G2;N/I;S16;C
c2f2cbd2c63ff641e1127dbc00eb0f3fb007ea296160990dd51d11ba979890f1;R2;UNIS Supermarket;G2;N/I;S5;C
32a83acfb2f8310fd734aeda6f119575934072d3e3c505829d2e08f924dd4352;R1;DDR Shop;G2;N/I;S22;C
04996c5d776307d679134d9bb707b5c023ccc25aba3209a5886f059c092fb735;R3;Quantex Supermarket;G2;N/I;S1;C
7ca3185027acfc087a315f1edf6fdc04fec15587c7523cec24d31b8af70ed9ff;R3;Harbor Store;G1;M1;S19;C
7137aaa86e8d87d9cbcaeb4c66e5a099d4e66878966b26cdbe0af1e08c34d847;R3;Molson Store;G2;N/I;S1;C
65343b98a35491f6c54d0367e0f26c0b4a3500d9c4a37112d1b581e6a314b996;R3;PageBoy Shop;G2;N/I;S1;C
06324ba117b88fec2ef4a47f2a2ff1d370c898035c389f51f1acb336ac58dde5;R3;ECI Supermarket;G2;N/I;S16;C
1d9057cceb163da173f5668b4bdeca4464b01da7ff96ab77fde62d51887d4f0d;R3;U.S. Market;G3;M1;S5;C
d855fdc43663d877e1f3a598c63663bf5f5157ba1625ac5cbf95a217e9322f8d;R3;Toledo Market;G2;M1;S16;C
1ff165d6782e1b886c823077e0353a0a9c65e7d5c435811749ee65cb1cd1a2ca;R3;Remedy Shop;G2;M1;S16;C
bc4e6827e989a33f23921cf368aee827b920a3a9b7a0f266beedcfa54d5c5fb3;R3;Zero Market;G2;N/I;S1;C
ad67024239ce99a7eadd5507a36823f1e354d81a8b22976e42890355d4d3fe2c;R3;CAPCON Shop;G2;N/I;S1;C
08b97a47ed0d446e6706a0e30354672041b582b9d49c44186a97151977bff934;R2;Gate9th Shop;G2;N/I;S9;C
15bc99041d0c20f99c6bc85b5b5a4bc3f99d1127b257ad95ed2fa1ca9cef2988;R3;Venred Shop;G2;N/I;S16;C
3ca7346afb04c557bb4da58168ac98d521a08ba6ccee17f2a6f183c793595e0a;R3;Pace Shop;G3;N/I;S5;C
108a94ac2fec09f6b49457285a1f92fe35c68ffc989e14e4bb7de251713f9170;R2;Abbott Shop;G2;N/I;S5;C
eda93e370c329dda243968221d73b990d2b2fb988a383dc1bdb25f36a20b17de;R3;UBF Shop;G2;N/I;S16;C
3894012ea1aa513fbca4fba140baee468c39d27e7a07aa8d078227cfa6040a87;R3;Kensington Market;G2;N/I;S1;C
941f4873f2d26ae9a8f73160b4e49fabd99ddc2ac9b545cfff7abdf0373d4fb9;R3;Hidden Market;G2;N/I;S9;C
b9fb27e14851f4519f0c7b7b8a8ff883535c059993182dd1c66a50b0ead30480;R3;TargetedListings Shop;G2;N/I;S1;C
47e3fd4248b4ad056abab6251298a0fba9476448408833ba9367e290dbd0716d;R3;E Supermarket;G2;M1;S16;C
8d963dc1d1559127c5b1c884f8cf77ecb4493d28118284b435992c1ab2137199;R3;XCOM Shop;G2;N/I;S16;C
da8ec67b25346c722ca44c51a35d5208377707f59c0edeb7b0503ed619de11fb;R3;ACS Shop;G2;N/I;S1;C
e177e5a935409818ef82e4b9c7734c71e02ee15304482987be0bfa33b951c3a0;R3;Safetynet Shop;G2;N/I;S1;C
b2cf91c7cc9005a649a41fa2b4fc16d044299a031bd6dea68913ce59f81d8dc6;O1;Brentano's Shop;G2;N/I;S5;C
b964bfc54b50d5f1f2cb94055db33a2cbcde5dc0b2ef26037c85e6e1024cfa73;R3;Unitec Maxistore;G2;N/I;S9;C
7ae8fd1c37b00a02cbe176670b854dd5340cca512614d2aa33a9591fad74cff2;R1;Accrue Shop;G2;N/I;S11;C
684eeb39d069fa6df96ba9149dabb2c6352e094c6bf85adb526d89cb7d2567a8;R3;Tampa Market;G2;N/I;S9;C
abe2e1062fbf8dc63592070be417619a129b4a0a71d8bb161875e35bc67d39c0;R3;Stone Market;G2;N/I;S16;C
fc52a0299ad444d344c51482636a3b1df49e514c21a96ebace9f728b0f109ec3;R3;Hennings;G2;M1;S16;C
1b57535714d4a8bbf70dc0383fd1e9733bee4c276dc200711dea20446b53abcc;R3;Deere Store;G1;M1;S19;C
f523a6bd088a2b3ea0b7936d2cf3647bada69ab0f79f4dfb4deae761a3429325;R3;FCS Shop;G2;N/I;S5;C
86fcd45fdabb29ef9b806f5cc74aee2dc5dc3fc95f2321ab63afbc1c5db3cf37;O2;Lucky Shop;G2;N/I;S12;C
29b24c3b785d767d5da60ea8d690d5a598043d1e1d4ee1b464f8d55447edc131;R3;Vector USA;G3;N/I;S5;C
0908dd2be66acec33a45759af7f2acfa7ff71547cdcd46bce85b38632816e8f9;R2;Qwest Shop;G2;N/I;S5;C
561e20e574c1c7b17b93ee70bd3dffa933836e2a65191cdff534d88d86dc49e9;R3;MATRIX Shop;G2;N/I;S16;C
43a3284e1b0a07d8da842a4e9625e37552690d706a72f73057c09360573bfe9e;R2;TransCanada Store;G2;N/I;S5;C
4e143ec5942d00ff2ad988d2d56a952ea1d6765f59dfbc320540384f91ea870d;R3;FenP Supermarket;G2;N/I;S5;C
ee6ba69159456eca1c047e1fdcb2af24d33a532119cf2b73a896a95674bc3386;R3;HCS Shop;G2;N/I;S16;C
3853339e4810724fad102c6852900bffed472d93b19b4e7c2a8ee951d586941f;R3;Farmland Supermarket;G2;N/I;S14;C
2b93ce5c0fd3e8e46ede3b1bce3fb0153fddc279e607192763ceda35468a7393;R3;N.Graphics Shop;G2;N/I;S16;C
ac3b92745f6a39023babb5d270cecf0a948adfd8bc923244628d7266298fa317;R1;Koppers Supermarket;G2;N/I;S20;C
29c96c737535a8962d4fcee62fcbb642418d58b96c445c912112ef9d20c9fbea;R3;Benedict Shop;G2;N/I;S16;C
2119bbee8eaf6b1725c0ec9449ad34bbd78dd0f64d282298236ce071d8885ddf;R3;Guarantee Supermarket;G1;M1;S18;C
38a2100f15b97ed5a359b2a6945aef35d98fb8dd09f6ea581fa4fb112aae9d85;R3;Brazilian Supermarket;G2;N/I;S16;C
29f98cba4075d888b2505da439f38e9d11806bea8eb365e0fc3c3d0c2a863cb3;O1;Onestar Shop;G2;N/I;S5;C
1a164383efe2343a07292ccb39ceb0adc0dfa6da80200041a47b46e178b1c61f;R3;Greymac Trust Company;G2;N/I;S1;C
77ebd9f8132151c597e83afb918ab0674d16dd74023c43ba6cef47ef886e4752;O2;Team Supermarket;G3;N/I;S1;C
83a47a438a017abd6b8551157fe537bf25df9dd8b78b913ed2e5e2f6c82369b8;R2;ACME Maxiplace;G2;N/I;S4;C
591b8d3df082e2ad5724d65ee266edb7727a555f2e6a0ea1fa1e1bbf84c9b0a3;R3;FIND/SVP Shop;G2;N/I;S9;C
b09a1a867b64a60b8e2612fb126a65f974c58e2af7cc9c43f125d1c78d35c18e;R3;Trust Supermarket;G2;N/I;S1;C
abbc38418f47e7b697c4c583ede70d7e65ad87ee69f86e92b7c5707a46c32b48;R3;Gartner Supermarket;G2;N/I;S16;C
9e8f7ea2fbd6d10921db299d906a06bc5099146a3ffd2065bcde40707552477a;R1;Pacific Store;G3;N/I;S4;C
fd9d80f96b09ef502acc450490a21c95108571251baa7219384e706f4d3543c6;O2;Holy Supermarket;G2;N/I;S12;C
d5fd6dae0f0cb8201c090dba7241da47b99d534df7f6c5bb093f500dd55fd420;R3;Federated Supermarket;G2;N/I;S16;C
e4768d7a64ab10554a53a8cbdfad04b16c2fd716c8a08ad4defadc2bba94e070;R1;A&B Shop;G3;N/I;S2;C
8223fe68e1ed4a99a13ce3a789ada972e9178b3035597c7af9eacd81b033e526;R3;Nematron Shop;G1;M1;S19;C
e48ea3d13ca3e011950845bfcc9dd1b22cf9150f20a2f189e5b1397139879a35;R3;TAL Store;G3;N/I;S5;C
d616ea818cc8d24bbfd017b28f2ed77b7aa9965b6c1812e2502250199c0bf1e5;R1;Texasgulf Market;G2;N/I;S11;C
0d83bd9d3570626760c894f0bb92960ddc6324fe2f94ed073ac3dc6e757d1a15;R2;Hegemony Shop;G2;N/I;S5;C
2603e81005d5acdc6d01c165f846485f222a3b3ae2cb8b700cf6115455474499;R3;Mersey Market;G2;N/I;S16;C
a9819ce467fec3ea1d15866954c9cfbbf86bd4d2be062920ab45d1fab51ad5e3;R3;Camros Shop;G1;M1;S16;C
45f827bdd374cc4acdff0604d2497ef2749d4ed0229369d272d149ab281efaa0;R2;East Shop;G2;N/I;S5;C
fe448144a387985aebc1642150ae981b6cd2701c12a3b43515d76a2e3ba0b0e2;R3;Onetouch Supermarket;G2;N/I;S16;C
b382ae916e855972e3f2636c2c348096a25e006f3efb2724bc2c157d11f79e45;R3;Zero-Knowledge Supermarket;G2;N/I;S16;C
9028b5e19411d6768111c7a38c5714e80e7b08cb78c350117113e492bca1e4a3;R3;Rdlabs Shop;G1;M1;S19;C
3e6b4ac5e079ae91dc56ffecbc4211b7eb66dcbff0c61c01c80c5371d97994fe;O2;Matradi Megastore;G2;N/I;S12;C
5e34d5fa370e1f202d2451905dc886b219d7e2cec738c2c27bbbe2eced5b1903;R3;Rave Supermarket;G2;N/I;S16;C
c30fa74bc8b7e3992e310820704718f2a7b3f1d0d3b41d5b534a0d90d824e6be;R3;Hershey Supermarket;G2;N/I;S1;I
2458dd35e4c2ad8ba7c36da17f83840e4d8d11e6aa87b6f956269c24e56f5147;R2;Ace Market;G2;N/I;S5;C
f5dd2656655c3e534cbb35a5e4289b27d1d204e0dc0e7cfb5b2822e2b89b506e;R3;Big Supermarket;G1;M1;S19;C
aab81389d2d85913ec437185324fed5e18b0ed8a9bba06b610111f2684d2a5fb;R3;Chas Market;G2;N/I;S16;I
ca58cdb5a858935ae848c4f23e3d047a9d21ac6cd46e53fda18161d0a57c5557;R3;Sigma Supermarket;G2;N/I;S16;C
0e9ecdb21ef4f1aaefa660b806af41479229d7e445ca76314a4448628820f581;R2;One Store;G2;N/I;S1;C
2447c40e19316109ac765942d0e1d25804786d6b325754712ae2f74d68310e33;R3;Big Shop;G1;M1;S19;C
ea88e945d58e021c62d5a4d1227ea73aee0082479c5bef560dba525c7a47e338;R3;Big Store;G2;N/I;S4;C
70378b1a24fdfadb717a68accaf829b0da4bac630926dcad104710f0da4525a0;R2;Cambio Shop;G2;N/I;S9;C
4242e6d60218a47b2e1e2609f0ad5db4119ad1301e65e5cfabf5f447cb0cb2e9;R3;Talou Shop;G2;N/I;S4;C
17fc06435ea443d88f3d3f48c0b6c73726d25488c8a1e77668e88b3f5bca5813;R3;ActivCard Shop;G1;M1;S19;C
e949a4f81f8e0d0a300a9721b53f80ffa7de961f463fc72a54840eac12766520;R3;Ping Shop;G2;M1;S16;C
bfd2b8c19441902d3ef5319675ee2c67f3afc3e39d1b2851ccd5fbc3a0831da9;R2;K Supermarket;G2;N/I;S1;C
a226e32da82a6d3ca363bfb626d5eb45fbd90264308218e899b7b0b6ad50a637;R1;Fins Shop;G2;N/I;S4;C
dfcb05682469e95462329172006b5692ad3da07c69365470bb5cf30604995287;R3;Xtreme Shop;G2;M1;S16;C
998b7ddb00f7285d474267efb4dab0b572b2b3d3695776fac2f2b1da37bc98b5;R3;AccuLAN Shop;G2;N/I;S16;I
62d3f8877a71408309b374b4f00619a5a01214393409d2c839662cb22e65f405;R3;Bigelow Store;G1;N/I;S16;C
9b825f183893db21311c2edd7fd37f544760b5cb62ad06c591b6bfe33ded18b4;R3;Keystroke Market;G1;M1;S19;C
10340712195507b9599b7223bb864eb4e459a637b1fbae33377f645ac27a8978;R2;Southwire Store;G2;N/I;S9;C
0d20ea5f1eb5b345f173a401978600b53e80bf97dc9c3778372d9ee95590f7b4;R2;Heurikon Shop;G2;N/I;S5;C
8af7d203e29fa0851b95c561f781d7f8a0e7dc828769230d822d81834830918c;R3;Bizmarts Shop;G2;N/I;S1;C
7b145ed14e23c7e57efe5b2f8744011bac4befb9db9dbb990e04b54d329041a5;R3;Siemens Supermarket;G2;N/I;S16;C
5286b80f1d4e68304bce79898c02771917ea5d800a10038fc8ef0c77fe9c653d;R3;Editor Shop;G2;M1;S16;C
9d1e7c92a84738f980eedb365fae31420eba10600c0f13a5fa5ba04d464aeb70;R3;Hekimian Store;G3;N/I;S8;C
c0267e903875ae9c141755f77597c462e1ed120ff387b37d5089b40b5e243ca6;R3;Todd Supermarket;G3;N/I;S5;C
9a3c73addce0b6e5e8fc7089e74299a98ce5934f3aeda2ca202dc40df34937bf;R3;Dayton Store;G1;M1;S16;C
235cb50e19617c237e048aef1ba34b4eb7bb4e4497eb2f704728d07ccd8a3bb4;R3;Medics Shop;G2;N/I;S16;C
95769aefeffb56f34947c1856f49acf3ec2e5ef8d4b846b5d7d914dae7492155;R2;Scientific Supermarket;G2;N/I;S3;C
2449fb8862e60e52498dc0b1398b4dcac2cc60014a12a3cac291089614b3534c;R3;Aadast Shop;G1;M1;S19;C
713d3667b20c0b8bb96f4d03e88d8661681354c47e96a0b3648ea718658c8647;R2;A-ARVIN Store;G2;N/I;S9;C
b648b784a1c2c20b1e10d6e71527eb0d89343a01905346b55084f71f44fa36db;R3;UniForum Shop;G2;N/I;S5;C
6585d2dc529aaa84c9a7178405cf225e61390ef305ae0fa10d98563541e72608;R1;Dci Shop;G3;N/I;S21;C
bbbd109eaf54b3d2d22a70da9d0238983946470b67e501bffa99c5d121beb284;R2;Output Supermarket;G2;N/I;S5;C
c2787e0d4887ce6662edefd22c085dd88dda070f0779ff71e2213858095ec21f;R3;R2J2 Shop;G2;M1;S16;C
4580f8d4981a205a62fbedc43a31b1f700203131afa9b7f3739bf7fb348837f2;R2;Helius Shop;G2;N/I;S5;C
42c6ba8c5380637f0150f92de23c824677bb5b1c9c072d164b02845889995c18;R3;Champs Gigaplace;G1;M1;S19;C
ef8cc2909dc1f8352130bd388e6306ac6e61a1756e99ade38c9867319ee20c2b;R2;Zilog Shop;G2;N/I;S1;C
c2d1a79a726fa81b6d91549fc6ceb6eac6a125d1353ff7112ca0e887a083faf3;R3;Pereras;G2;N/I;S16;C
541d0df69785caeb4b0e73539cd140539d730148b8c9bbbc264f6da07adc1e40;R3;Abplus Shop;G1;N/I;S16;C
891be2904788146e2c82610b496e58ca65196739366702e905c6b5d2b502707c;R3;U. Supermarket;G3;N/I;S17;C
f8bc25bcae2f17256019a9f254d69a85c418250c25ad3270c8ea425fed689bb2;R3;NBTel Shop;G2;N/I;S16;C
a84d8aa025382967cebbfa2756df3d2bde47ec9b1000bdde81c10140c9481527;O2;Sigma Shop;G2;N/I;S12;C
0b390a459ca0c0880b9af4056f6bd28c6a1e3d8b945127dd7475f4058c71e4fa;R3;Zentrum Market;G2;N/I;S16;C
19a516b503ae7507d0ab2baf1437fa372d96e29f5e9f357a084ed6d7bca4afcb;R3;Berkeley Supermarket;G2;M1;S1;C
8deeeb7cdb2aa9a928242ae7b21acfd00b1700310cf9fd5a01e60979e2717fa5;R3;Active Supermarket;G2;N/I;S9;C
662c7e72e0075c29ea883f0f72ce91939f976967813ab1665ba5b568f4eae96a;R3;Taroch Mexistore;G1;M1;S19;C
d7cc39d412faa95bcff54d52ca4f18627c32fcbfa8d4aab8cbe1fa030a7a8d48;R3;ACT Supermarket;G2;N/I;S16;C
2cdfacad82351604a9eb5079cce806be45f53511eb56ab9c3d680245e1d2b149;R3;KENROB Megaplace;G2;N/I;S1;C
fab4006a024a509d0b45e763ea09e4a3f36da507b049f59553fc99c14ae04463;R2;Edna Megaplace;G2;N/I;S5;C
5f8b5fd3e755a823f2725c42f78241c46d7f5cfdb4b202f51cdc5ae2443ac7e5;R3;Paul Store;G2;N/I;S16;I
deda572c31a8641db0d9ee725908e75cbe4849a714aa2879571ec5f7a61d0437;R3;Ad Supermarket;G1;M1;S19;C
537fc2a964463687195aee8df0751ceba909d7612a80af3ef76a930fea88c20a;R3;Best Supermarket;G2;N/I;S16;C
de9d0008ba9f01ec3a6a028a27a28ec80566fabd471237c3304f17d8ef31dc16;O2;Ventana Maxistore;G1;N/I;S1;C
9f1d98d02b70a913d25280f157fd0893e8e70c465e751f20be9f4da397a3cd56;R3;R&R Store;G2;N/I;S4;C
bd6e9c9741545e1231e6eb48c465de2b706f2f9ae974773b5ceaa7a45785b166;R3;Sarcom Shop;G1;M1;S19;C
39ea90f540e056319007f22bdd4e7402b4ae33889d4c00ae51f0b27dbb3cacbe;R3;Take Supermarket;G1;M1;S19;C
c3a561d2a462a87b6518bb14ade5c19e5b3e9073df155642efb66b361832c8ba;R3;ScotGold Market;G2;M1;S16;C
03f66cfea8ccc0b626c3611757482b3e8aad7f6844c5ccb66579d87cac8c7106;R3;Acc Supermarket;G2;N/I;S16;C
7a597d06bd3db55b12bc470c05333641c684a29ce678a9377514a7520456921d;R3;GEAR Shop;G2;N/I;S16;C
f82b865b2c4096df8c4555126e39a89b638928dc79b9fe5e2956a98159536bd2;R2;IBVA Shop;G2;N/I;S5;C
44fc360efba5d510e478051c47f736751fcddae624f95779a99da03935d1d3ff;R3;Minneapolis Supermarket;G2;N/I;S1;C
c0db5e8afdfca2066f91bb63ffadd9327f0fef2044dad55c895e3ec504b24e20;R3;Oklahoma Supermarket;G2;N/I;S1;C
287c83e83c02ac80c29101b0f43ef69cb78ffa31518fdd42675e24d6c5f4af42;R2;Revolutionary Supermarket;G2;N/I;S5;C
62e8ab5dcc032474992d574073ee3e9a6960321c5a9c321546d1e6f2ffd9258c;R3;Southern Supermarket;G2;N/I;S9;C
b117228b3b0ab4cfd07958888c487cc95f6ec9863c36ff98f2d734aaaf443c8e;R1;QualServe Shop;G2;N/I;S11;C
034e4c09bc5bf2f3815b162689736da1cd2031e02d3cba96625fcf0b914a5992;R3;Emergent Shop;G2;N/I;S16;C
d6a23ccd39ea2f5a04a24872fcacd3daf3afd2b1fcb53e948d9282af829057f2;R2;Radio Market;G2;N/I;S5;C
1f1d4c883fa748180d8631df0ac02705fdf93abe5f76c1e8811778e61a74fe0d;R2;Gatierf Supermarket;G2;N/I;S2;C
a54543c30a304a9d5c83343a30db16c9cff8e075dc16ca4a1650216b57b84923;R3;iBEAM Shop;G1;M1;S18;C
32428826e5c47e5788fa81aa4ff416474e61006752f27ab75f62f607cb7a0a66;R3;Meals Market;G2;N/I;S16;C
767801c11f79978a27cbab0de588d05352e4d4e665778b14d64217c8cae161b3;R3;Gailey Market;G2;N/I;S1;C
a7efd03cf4656e0a49ea930feb0212b607743a7860608c02eae60c6ecb3df1f8;R3;U.S. Market;G2;N/I;S1;C
92636707fc1dfb0e71147dedda57b455cefff832932075e689dba5c834372db7;R3;UUmail Shop;G2;N/I;S1;C
0ddf69410563866bc7b9f25b9effe64f4b22016d65749c7a085fa306e7045c68;O2;C3 Supermarket;G2;N/I;S12;C
52c1f6685bc07fc701cbe0ce33ad87e928dc708ac2bfb9dad1fccfd75728c82f;R3;Nbase Shop;G1;M1;S16;C
41ca838c0e5e48bf4d43fe8c73e5fdcf82808baf111f0e013c8a8cd8a6f77317;R3;Pinnacle Store;G2;M1;S16;C
6cff0fa3894504c817a0a163251f21fc7c0034acc76e7c0d7dbfa327eb0121f6;R3;Target Store;G2;N/I;S9;C
2b29d837e9c88723e59cc733d5fdb7b0ab081a7fe8b610d8f455311f7ef66535;R2;Age Shop;G2;N/I;S5;C
4d86a9345056b90da28828a48861360581fb8d1dddc7fdfd49127b1dab3e4381;R1;TeamStore;G1;N/I;S5;C
df8b6cf236570ba402fee681f9531adcd6c0cfa20cd9791d66bf5f8bf43ffbe6;R3;XVT Shop;G2;N/I;S1;C
54743cdc7d3e95a51e577d69fbc5c8a65f21b077dafbbc4ad03db8520d32ee65;R3;Real Supermarket;G1;M1;S19;C
35179395b90e534fec345335cbc32ef324403ff75f56536e25bd7b7a4b0e7348;R3;Unisys Shop;G2;N/I;S1;C
828981de7b0174632d2291423c1f811d6d5767ae576b6c1c629c7c49ca4b4bea;R2;C.O.F. Shop;G2;N/I;S3;C
0817bc3afd5eaa510584f13b9d73fc6119e0f4eb79122844983959d68947cfeb;R3;U.S. Market;G2;N/I;S1;C
cdf886e8aa8844d1eea56c80023f7ea742a1a8f9a445baa29f7c4133429f0232;R3;Kellys Gigastore;G2;N/I;S16;C
1659d97d543e1c5a2bd9223a9eb48984cb9795476af217deb44bd3d0f8a9ed6d;R3;Garza Supermarket;G2;N/I;S9;C
26bbd36c502f1fa6682e2eeeba6b6d4de8b3a98a77e6deffc2cd8c05ea3a00a6;R3;Signatures Superstore;G2;N/I;S4;C
2474c0b697aeb5c76deae9a6bf7471c01bbdf23d9203dcf5e472c0b50803262c;R3;Bell Store;G1;M1;S19;C
9b70846f439117496afce1a909de26c83ba1a17144b5d3845402aeabbff1e2aa;R3;P.C.G. Supermarket;G2;N/I;S1;C
20102bcbd79c4e7b10e21eafa334490ee8c38b8b6e76278d875da2276796689d;R3;RealiDyne Shop;G2;N/I;S5;C
8faa2fee7de4f7329afcc6ccda00363a6b90d9887b0a45b8d64ee1893e168dbd;R3;Gandalf Supermarket;G2;N/I;S16;C
5d94e2388f5ee40a780b7fceb60c5422f5c8c11d776670e8e5618b0b9bccd41f;R2;Tampere Shop;G2;N/I;S4;C
4f8b4231ef5e740b19000d54d05f5ce39d6187d301a090487d65dd74aae17d30;R3;G-Com Supermarket;G2;N/I;S9;C
89b254e63ef4c5d9fc068ccd2e54b26066fcf3525bf8c4cb9813a349c680abba;R2;PageWave Megastore;G2;N/I;S9;C
1ddd934fcf3f223e36ab797f85b5a8dd7b67ae501c1d22b12a0dda8464d9650b;R3;DEAC Shop;G2;N/I;S16;C
7365d841c9e5587e9b1b760ace86296656e4eee8fa88b8432f3235d7c95c96b5;R3;C Supermarket;G2;N/I;S16;C
476a005037d7e4197c3bbe3b7c51141c2f17d2d09c6dd16efa5888847668c4c9;R3;EMC Shop;G2;M1;S16;C
17b01830e4e76447f5975422c5327da8d04f03ea2c9434bd01b9df90d9b58e4c;R3;United Market;G3;N/I;S5;C
53bd11e88ba9d994d970d46fcf80059c317c0c16ee44271da4d9c44f954c52c0;R2;IBEX Shop;G2;N/I;S5;C
797810cd5684e4ce7f0529fcc418035937279406441d320892d9398f0e96ebfd;R3;Ethyl Store;G2;N/I;S16;C
96d376ebdeb9a590c0f5ec5d83a3a6c0960dad385e6a112b94b287ea8d11d0d1;O2;Papyrus Shop;G2;N/I;S12;C
caafe87a73402eb084de5b859a2676c391d56493ad2853762b13424f1c8e77bb;R3;Taskers Supermarket;G1;M1;S19;C
e976b921b93af03c195dd8da01c5a9f9acf2a28f24b38e45a97c8aa38d8093ef;R3;VEI Shop;G2;N/I;S15;C
6ee8e29328054b3b3a1844fbe099794e6f223be97decb9bf5cde98a62119429e;O2;Gamma Supermarket;G2;N/I;S12;C
05dc81935cff51a2366b2057ee991405d90f021d767f7915db1e12fb51b69fec;R1;EDGE Supermarket;G2;N/I;S11;C
f7ad10660a39740ef3ca451dcbddeaaf9643e17ba5bcc8ec07c6b25ce8c2bef7;R3;Home Superstore;G2;N/I;S16;C
5c79ecb4db821da36cfe6a870a45adc3623015ca56f0d54793dd44c7a503ceb4;R3;Johnson Store;G3;N/I;S5;C
353fff082a76f64d56377261ea4548d1e8ec9e583f38125fe71e798aff75d5a1;R1;K&M Supermarket;G2;N/I;S5;C
e8555c317dee09d2539c066ce63a53114eeb1c365df419a84d5f0e33c8e1b131;R3;YourFuture Shop;G2;N/I;S9;C
cf5b0ac3eaaaa5a3014dd464fd78e219f584933991d59c437e69fca9f42f0851;R3;Felidae Enterprises;G2;N/I;S16;C
9b67de2a7da704b7c1d6264c0eb1eb987ac18364ad922fa1c34167f2ea9953e5;R2;Hill Supermarket;G2;N/I;S5;C
38052246b1b7f7539744e40017a026e8490c2f80b7541963ff31adf7daac4260;R3;Idyll Store;G3;N/I;S8;C
ca99ca6ea8e0875f052b57ff58bca95507807417258f3edc7b30b8c956c6d0de;R3;Hewlett Supermarket;G2;N/I;S1;C
f1ab9d02a80cb17c388cf3b7aaddaa326985479dbc33fab197f27bfd2dfcf6bc;R3;Filene? Shop;G2;N/I;S1;C
0106d25e945e2c9aaa83d024d8e51b57ca11e8338295f9d52f7e5b7a0433b9ed;R3;Hobart Store;G2;M1;S16;C
7d3397520cc9dfa955b3e3954ff4fc21a3d3a23c12053e1598fd98a0ba61654f;R3;Grumman Market;G2;N/I;S1;C
80de8166c120dcd6bec8be0dfc7283c05b48bac87daff81a21f347a7187755f5;R2;K.C. Supermarket;G2;N/I;S5;C
b2b9ce9c4618ab64da8849c0b3dd7cb9102f13b0d33aa578b554ff751b7119c7;R3;Saturnus Supermarket;G2;N/I;S16;C
1e84e749946b4e72b8e8422831f7a635f5138604045f4595db0390a47e75696f;R3;Signature Shop;G2;N/I;S16;C
cbcd7c1e45788da1519dc9bdfedde96b64d864e03ed3543fcd113298b8daa136;R3;Ibis Shop;G2;M1;S16;C
7a1cfb8a9246f7d28c65bb7a6c935b1477b27b49afc0805f11da4fab85499f69;R3;Taos Supermarket;G2;N/I;S16;C
ec6cb4213607b5a7b4314d57152713de6047f80f3524ab44f4400ca0cfede41f;R2;RC Shop;G2;N/I;S9;C
d824e015915964a665e7c325495de13cdc40dee4d0984b2409f8b18e831ec172;R3;Active Store;G2;N/I;S16;C
f8cf7063c2a15a77c2161f9f17c58d4afbf6e6c8b49ad1bfb9977260db9cff79;R2;Lewis Supermarket;G2;N/I;S5;C
7485a51bab3d114bdafb419f12bca17761cc3bf4e6735b8bb20294bd662ddac1;R3;Abacus Market;G2;N/I;S16;C
83eb5e51100e58be8433e28ca886d6eb5a804118d5926a059370f59db1c11478;R3;David Store;G2;N/I;S9;C
431b13089c315c3d33767350463b6eaf862f9ab7f92ad5f0b33fc76975ee170c;R3;Bibb Store;G2;N/I;S1;C
190e67f846200fce4e00962d31775942964ad9f17691fe085ebd64e57022cdbe;R3;Unisys Supermarket;G2;M1;S16;C
cd266e02e7a684cc960bd1657fc9dfd0815ec14133acecd3772b80a58b065234;R3;Pacific Gigaplace;G1;M1;S19;C
bf2302f896b3a6b713d948af4e3c270f232f89ff184f441810d35a12f7009be3;R3;Razorfish Shop;G2;N/I;S16;C
344d62e40151fbc67167881decfea1d82bef399d4276908fed61a6bf7aa74ecc;R3;WBM Store;G2;N/I;S16;C
af2ec93efd1c622223b9c1450de2e448e7ac994f2e70149fd70e2b4b885c5a78;R3;Finest Supermarket;G2;N/I;S4;C
0240e9381c6eb5ab9127b59198e7b3d32fdee6096728b2b8bed5103f713beec8;O2;PacificServ Shop;G2;N/I;S12;C
fbb7221180035291a236e5a4c4e74b4fedd1635f4eb13ee2e041fbed95c191f1;R3;Quantum Supermarket;G3;N/I;S5;C
c92e70ebfd089dcb5f86a86df61b13e9041bae02222f3b698f11ab6284e1c16f;R2;NACSCORP Shop;G2;N/I;S5;C
aa0ea720ae56b217b319412425cae59d07c4bd8bb2447767878931132287667f;R3;Parabole Shop;G3;N/I;S5;C
5c1f09a8b800ff8b0dcf48dbb1a1184f51520c8be7ed5e1d6e12855ae4f00abd;R3;Salias Gigaplace;G2;N/I;S16;C
40cd9e4a6517c7e8ffadee598b450499d188eb7103fb182798f708d5e3664bae;R3;SAT-SAGEM Supermarket;G1;M1;S16;C
2d621c37c6ad5b8f22cb492389f56f6baa5cd67ec618a60049a68331624a66d2;R3;Ilog Shop;G2;N/I;S16;C
46bd3d68a5ac0c611e5e3ae2b1dc9485f6c1363cfe7919343043632081c5b6c4;R3;activeDesign Shop;G2;N/I;S1;C
ea70e0e49c570e2ae62d3b3fc135dba1c7877b21eefdd5cf7f5ef1574fa74d95;R3;LMAO superplace;G2;N/I;S16;C
73a0718e65fad3f7955ff247038d8ee6ee9d32120d5f885d3d37f07bfd39586d;R3;Talkland Shop;G1;M1;S19;C
3c1ba8b6c2b9429dda14f661774da7bf0ef2c2c77a6c694547529285909460a5;R3;Pangaea Store;G2;N/I;S9;C
654b432e61d3a8a77dd9ce38af1225952166fe28f31a4e336927c01b642702cd;R3;QualityLogic Shop;G2;N/I;S11;I
d58dace0bccb0387739ef7339238e319ad46cbaad9a473047a1a49b593213894;R1;Icon Superstore;G2;N/I;S11;C
9f6e540522c510dd7283a8e1f7964d22d3fd4591faee0f2cc03706b0f8860623;R2;United Market;G2;N/I;S5;C
fe6cda6fc8ace9d81378486c98566fcd4872dd69db980f38a8fbb2282a15e9c6;R2;Screaming Market;G2;N/I;S3;C
45fe752fd3acf8fd57b3e2846bbdf626a42fc53037daf3b83c623f9f1f52b62c;R3;PLAINFIELD Market;G1;M1;S19;C
2ed2ef779727027790a129637a427b3d8dbbdd640645b69ef02fd0d05c3513cb;R3;Systems Store;G1;M1;S16;C
f99ca33fd8983d42060c6bee690b5543d2b8cb77266ff1d5a3c9cd393d6408a5;R3;Taligent Midstore;G2;M1;S16;C
ed65c1126be7e72948f0c7c5d07512aed8c7024ecb091bf3a692c9bac6432f12;R3;Stone Supermarket;G2;N/I;S1;C
7f2e2b94270fc5d073a09d35a744efff957d93c5d7c56eec966a3831d061daf1;R3;Transylvania Supermarket;G1;M1;S19;C
e9096d700d6b51f2897081cd43a22fed8724c908bfb8127e036383348543b0f6;R3;Bien Supermarket;G2;N/I;S9;C
e12c34a11de3c481666559bced3064495b35f74d3331eda2d6a80566f511a5f4;R3;Brinco Store;G2;N/I;S16;C
0e44cfe8d8fea5be2498b4ed68a26ca34d867cec3ed2beb92d0fe465c1139708;R3;We Market;G2;N/I;S3;C
cda439754ce6b95ee0c5bcb0ef4f75d10939a52610dda55193e12e60b416ac91;R1;Betacorp Shop;G2;N/I;S11;C
d55d1684c4fd8d5d574895b4725bd0dcefdd2a7c459333ea7b88e403d8f51c84;R3;PageSites Shop;G2;N/I;S1;C
42f8e259493e5f36aa126354bbb784872428cb44edeedccf7d53aec8d0ede6b8;R2;WarRoom Store;G3;N/I;S8;C
abbdf7c1fc6bf85bf6b7eea14d26ee230bae3b94940e52f7638d6b75090e9777;R2;Debian Shop;G2;N/I;S5;I
9fcd14d93be76032a3abb97ab7ab0bd62235066b33132b0674af81dddab86dcf;R3;ACES Supermarket;G1;M1;S18;C
14f9ec4fb9e81b05785e2ccebdd3603ecfd74c7f297cb42a7881f33f7d458126;R3;PAGE Shop;G2;N/I;S1;C
3bf42ee2142cd13f22bc111c81f15a5f0e27cb1f2a6d7448c68c8ab424ea6f65;R3;Valpatken Shop;G2;N/I;S1;C
a6ea7573b3dc963b4cabad848a01cd970570050187446d7ce404b9f92d763379;R3;Bezeq Shop;G1;M1;S18;C
27ea98a19415c77af3b9494e6ff0b1bff25e50201bb2acdfd4afd21c07e37d79;R3;Ready-to-Run Shop;G2;M1;S16;C
00570f68fabe3f6f0692c626f62a76a49560b8196ef91ea1af70c35f3cd19fb6;R3;Unison Medistore;G2;N/I;S13;C
4ab8962682257879e843f1ff1b0fb6b61959ab56812db32dd835f4b442573475;R3;Laker Market;G2;N/I;S16;C
2f7f110dfadacfccdc9f64bf9c7e1833fc0917899a22248870cae0e6edb5f982;O2;Harte-Hanks Market;G2;N/I;S12;C
367435da6e6bf2fa970619cf9274a9f0e1cc50cd9a24a4aa4764ee1fc0607f93;R3;Nanao Shop;G3;N/I;S5;C
be8bef52f0b2120f0e0c52a62ab5a4fc349ebc1b93a13a2a3a70a7e3f2d3d638;O2;A&G Shop;G1;N/I;S1;C
6b4ca2306803dac5c655c9583433da4ef20056e144749067af6e6486136c4586;R3;Hederman Supermarket;G1;M1;S19;C
331a1e80d655c1b98eae1c59fc448b28bce4c43cd92ba6f76ba37ed1c093a387;R2;Savetz Store;G2;N/I;S2;C
6f3243d467d80d2eca5ccaf7353fc64904ddd9fe35b17c48f85f0dffd2a80d4f;R3;NBX Stores;G2;N/I;S1;C
4a921cba5f8ef3ce9511b957324fbd4ea24713c664ae1b44584764e0cc825055;R3;VA Supermarket;G2;N/I;S1;C
b1a6a4ef168c1aae8e8c0d0d80d63f42995bec35aac2427ca25bbf7a2369694b;O2;Talarians;G2;N/I;S12;C
1e8292f638d296bf4a525e0f56195c2cfe5f2241efcf5797752176454195716f;R3;Aaron Supermarket;G2;N/I;S16;C
5e73b6a9557454de634cf0f9feea304fedf7369622abee8e12dc6f015d3bd2fc;R3;A2Z Store;G2;N/I;S16;C
97cef89bc5e0b8317b68084a0cf4496b705b8f5740f1ef6ca4bc22aa5d5772c0;R3;RKS Shop;G2;M1;S16;C
f6b778597c49794047db5ca38312e7bb73c5efcc4271684e782f007b84666cae;R3;Aberdeen Shop;G2;N/I;S14;C
56b7cd6b332d47c9db659670f394c4b2cfa7b8ff5d5ba7e1e710e1c822ed03c8;R2;DCP Supermarket;G3;N/I;S8;C
874878ea2d6f58d8f7fb0510e4672d8e2f6265b27beb0a4122c7d5d6055f883f;R3;Mb Market;G1;M1;S16;C
08add402c9ed83d0935524f6c2ec3949b49645ac5a8bc5097e78a5b33cc61384;R3;KeyComm Shop;G2;N/I;S1;C
3454faca36d5ae00fd2c12252cac654f03202da4090547bf5a384bc2481677a4;R3;Vectrix Shop;G1;M1;S18;C
da41c2e357e9f12009ea78b35cdd576a832b4946d95ce7701fbdad6cf8ea49a5;R2;Tanager Shop;G2;N/I;S11;C
a66e2550cc3de77902025820c7d3a75096d5341726f6370099de6a3730ea780f;R3;Panzl Shop;G2;N/I;S1;C
67b41c4cbebc6a800ac682577024c150d7e333faaa6297e45ff77d306b61a462;R3;Fimetrics Supermarket;G3;N/I;S5;C
3c83405e1838af38669bf9cb777cdabbcdce09832baa961af1c21ec541df0cef;R3;Hauppauge Supermarket;G2;N/I;S16;C
b35f6576f8da0bfb749ebc30f152c375cf63a4c3f5f18ad595864530e02fe3c8;R3;Overdreams Shop;G2;N/I;S1;C
4686ad712d003dfa611eba0f4fa9db251d1eb24eacb3303c6419363c4026c520;R2;Bens Megaplace;G2;N/I;S3;C
e73b297e84e9caaf4d04f9b18a1641ac435ca908f5e3fbe21dfff2a46735dfc9;R3;One Market;G2;N/I;S1;C
d4d41d2e325d0c402ff9b8688b3324be47cc761f6c230487f47f114bcb62c164;O2;Harvey Shop;G2;N/I;S12;C
8a0031e3c5ff2b4ca20f036e1da2a6b7d5317749942559c294f49edc5808406c;R3;Helios Shop;G2;N/I;S16;C
5df2398e28935bd7e6f584e229b19ab044286b83a8bc573a445598d46a57442b;R3;GearSource Shop;G2;N/I;S1;C
2b69e392b63cf32241fefb9de6521672d6304dfdc0d374f17b97058491dfe0b3;R3;Whites;G2;N/I;S16;C
0ca3718b443108059ed8627d20a0c6febabc955ae29da1ba35837f67ef504eda;R3;Associates Shop;G1;M1;S19;C
c9801f6448bb8d59104e4e9e142fde9e1a6b33bff4ce8a75eca666a9aa9a18e7;R3;Gammel Group;G3;N/I;S5;C
759539b07b9f74ffbccc3467069f8afbc18a5ecd9d871f2d91d84425b3d1a3c2;R3;Teamaker Shop;G2;N/I;S16;C
5d4db5af4bf3a3b8dc5175e459aac3ff83e0223994501882b105ca692fdcd14d;R2;Southam Supermarket;G2;N/I;S9;C
1a160d3fb69412a56652ac0862c554fee160db0565f2eb5152caaf114acde554;R1;A1 Store;G3;N/I;S2;C
ef5c2d4b73d443024b06d9ed2a64d02dfc4c918902002f3b3386f9bda67299b0;R3;Wayne's Market;G2;N/I;S16;C
4e9a069826ec7911b2c96e0c024cd80beec73bd435a502cd4b769cb606b1503f;O2;Federal Supermarket;G3;N/I;S1;C
68b987fae97d2aa3ba0d14acfbb9b27a9a435208abe9fe5bcabfbf2a9074187d;R3;Joy Supermarket;G1;M1;S19;C
aad9e1f322ff9929dc63cb62598934044f9c4bdea9ba462700faa0c54ed55d3f;R2;Time Supermarket;G2;N/I;S5;C
84f904c230c284dce0179e4a0b337c8b17ce44cced96ca6269e1248b8699b809;R3;Papyrus Supermarket;G2;N/I;S16;C
c1f7a740d41957d4de0ea03218f2481a451105dc5f5aea22017e92f929ea0962;R3;C3I Shop;G2;N/I;S16;C
04b4119fcaf6f8613908939b3e918067354de122ca92e6105486a492097837b6;R3;Tailwind Shop;G2;N/I;S16;C
e6972dda4cde40525790fe66b54289633934a78655f4c3a5e6c79cb894b08eb2;R3;Gehlken Supermarket;G2;N/I;S1;C
7e53187d7472872ddb21381f8dbbb741edc23b374234d06660b85604b4d5f957;R1;UniPress Shop;G2;N/I;S20;C
f4f069014f22906b294c5ffe9923694e4df251dbd314d99da46e464afc72f5cd;R3;Sun Supermarket;G3;N/I;S8;C
ae884ffc44cccee24c4ae8d9854d515faf7b68150ff6134769db14737e22513b;R3;Pathlight Market;G2;N/I;S1;C
7e0567794cfdf1dc658b7ca7c4f713994ca13c137663c130c82dcd5e1febfdfc;R3;Wasabi Shop;G1;M1;S19;C
017af25779d1244652f25ddfbb47137b2f8023125d07aa4d95f2858a41c59643;R3;Id Shop;G1;M1;S16;C
d4a196078a94b90fe5b26871db55fd60d879df4ea6c2fc34f2e0f79ab3110836;R3;C Market;G2;N/I;S16;C
dfc25852d3480e3f73780bda294794662042098327c3a4168457bf83ce8ae1df;R3;Towmotor Supermarket;G2;N/I;S16;C
4e2f972985035a83371e4312ff905f24e4a4ed931a4a90d8ca168a054c81b587;R3;Tredegar Market;G2;N/I;S4;C
67633bc335feae52324950b00e4bf119f2228d6041c300f5196e7bed1d11cec7;R3;Miles Supermarket;G2;N/I;S1;C
96dac229dfe2ffdc26c64294d018d21ad000490f74d5774ccfdbe682d15523a6;R3;Ultimate Supermarket;G2;N/I;S16;C
8988e3e09ea4bfee04ab654a46789137bc91ac5c1807bf16a1b44a4edf26ecb6;R3;ECS Supermarket;G2;N/I;S1;C
6f8360569406048c3254f966259c04b7234f4f881619710a291fb5c945d3d973;R3;Labatt Supermarket;G2;M1;S16;C
4a7b4d5c4c387e7c7596a80fee2bd27e2f576d06ddbf47c0c8db1e16bc8456f4;R1;Screen Supermarket;G2;N/I;S20;C
6946f603e289b469c6f021bdff3654f933fb83d2519ed17a9486462190184411;R1;PAP Supermarket;G2;N/I;S4;C
94c9c84de6aaf379e8234523aa59adfc9eb6b8c74b9401cd96146a349023b06c;R3;MaxBan Shop;G2;N/I;S16;C
ac005afd0918385fddc1c871465a6b650675a0d3dcee305475a778896fdd6569;O2;Litton Supermarket;G2;N/I;S12;C
d4c081e79ca0d0717b4cead4b48b02e80bc42ee4e25f8e0d648ac50ca16129a9;R3;Canter Shop;G2;M1;S16;C
d2a09d0b03dc0b614e2a280879c165323e5a786a4a018d081c88334f548f0e36;R3;Vanstars;G2;M1;S16;C
d337fbcab2ac5d9b184d662ec69adfe7c89732340ff5c36af9a6c5e5abceb26a;R3;Satronix Shop;G2;N/I;S16;C
4846c80d942a4df31b211508c1ad634e65f9269540390b60503de6cccd15382a;R3;Zeroo Gigastore;G1;M1;S19;C
3e6f2b8a170fba58081a116f517216f018dcc32be070b38aa13fc5d3f8ecf85c;R3;PADL Shop;G2;N/I;S1;C
894044b5320faa5acb671d815507543210e54b9d71c8594b89a82485d21a5cb2;R2;Ultra-Image Shop;G2;N/I;S3;C
60e307f08a68e4e1ad9d74c6affeed20e49ba93f1b08ee0f50b0ec9cfdc80d97;R3;EDP Shop;G2;N/I;S1;C
b42dbb0af7026a73cd497e38ce0a7ce1ae8242670d7ed14e30e2e997b9b0b554;R3;HBS Shop;G1;M1;S19;C
a8a767f1496d8d6f4e9462b45c7930ab0d0cab110e0394ac550d6f39fba76efd;R3;BL Supermarket;G2;N/I;S1;C
d016129f0819261ecc7ae9fa1a88cb2d897b972e33e05a5b0baddedb785ccb64;R3;Debenhams Supermarket;G2;N/I;S16;C
67f52e9139d77db8103c375e504db415ac6f535af9914c468b9790254e7de799;O2;Old Store;G1;N/I;S1;C
7adf9a1f1703eda061e739df000adc63e76b91cbc4a0b71fd771e7f242693037;R3;Hoovey SuperStore;G1;M1;S19;C
7a5fae6a420fbca87e923a973e69a2bbbf779529999447743419164f0adb0ed3;R3;Eloi Supermarket;G2;N/I;S1;C
9267ed8000ae11531dac9dbdd75854b153e84b004da9e3ab61a2245d4d087a7c;R3;Tally Store;G2;N/I;S16;C
c28077bb57ac33fc6e21ca2c9c9fceb451abaaf54ed6ea6b32e789496ec09c94;R3;Harbour Store;G2;N/I;S1;C
72615e670b05571a6103c0c85d274d6928937103e1bc02efe644f29876fa51bf;R3;Accton Shop;G2;N/I;S16;C
87e79c41ec870317350fdec925f15dce61a879cf36e8057bf11a1f075b1c905c;R2;Equitable Store;G2;N/I;S5;C
4ef400f64c6a7a7023d4faebc31bb1113f12b9b11fc6c6fcdfc2ce8bad2e90ec;R3;Tao Store;G2;N/I;S16;C
9f1ba97eabb954876830a5e0372fe607602bea6424bd14556b271e6690da8468;R3;ActionWorld Shop;G2;N/I;S16;C
64e98758f53a436910ab729943ca952e110182a51a7b07a6e8181ffc7d14db26;R3;Markets;G1;M1;S19;C
db7b5822d3c7af2de6fd1ca198a11a848320685dd77a52b925844c681740edf8;R3;Caprica Supermarket;G2;N/I;S1;C
ca78fed3e601e5e03029d51b8f597f8f597d0d2cdc1f40ecb6622e167c8dd6e4;R3;Script Supermarket;G3;N/I;S5;C
af1b667fb894f64497afd65914dbec8b33317f41a636eb67988d4adc918bc98d;R3;GateMaster Shop;G2;N/I;S16;C
418f002a798df47b43faafd158c41fa9db3bab39b15b5f6264311f8173cb8f7a;R3;P.C'S Shop;G3;N/I;S5;C
2ecff0457d55c5a47f2f0a51e032039eeb6003223ac5405dd81b6668017ac972;R3;BH Supermarket;G2;N/I;S16;C
efca5bcb96c50833b73e3cf1f74e99561d11eebf72ba7e41ef46316d63b198c8;R3;Bre-X Shop;G1;M1;S19;C
932ea451e46bd5c347d1b6ceb2b27acefa8b9d2ade806529d42f82e7df157787;R3;Patton Store;G1;M1;S19;C
89ff574b105e1ca9afba8933abefb5f3b41c5c01197d961bfdb5e6cc751d88b1;R3;Science Store;G3;N/I;S5;C
7d8336ecd68d0af6f06f5313fdc92f0da0b3e1677d9d0c0c0a6c47f5fd0c2a90;R3;Lamson Store;G2;N/I;S3;C
d17ec965a44574937697c98d1d545f38e25242f95f7e0d970bf47ea68c87c4c8;R3;SataMine Shop;G2;N/I;S1;C
1599d16f9944bf30ce22b9f822d1b20454737932109c193238e8dedd2cf097ba;R3;Road Warriors;G2;N/I;S16;C
af085a5d416f9dc274296900440bb829a108836b4653b015b59f310de2cf0186;R3;DCS Market;G2;N/I;S16;C
f97fd74f658039d67280e8849887de9260656b983f8d2a0aff39eb26df6c45e0;R3;HCHS Shop;G2;N/I;S16;C
67d90dfa615927c4ad72a1c2cffcf4850f297214685b0e32192f478856435b7c;R3;Finishing Shop;G2;N/I;S16;C
dcee20836335d87bd7190d965b3368f5dd26c6baaee6c25465b2c16c6b9e7728;R1;Salamander Supermarket;G2;N/I;S11;C
b8a99a22ef66f0f69d9dce56d9f5e2c804e7cfdd2be513375b3c164cdfabe97c;R3;A Supermarket;G1;N/I;S19;C
5b3b3ffe3bc2db75691c98e1c869f158d22a7bf7378b90df66a91cb2410e7e3a;R3;Galaxy Supermarket;G2;N/I;S1;C
fbe65b26a5c58dee90ad467568343bf7185c5dc7aa602598b9a1f3e401ddde5b;R3;Livezone Supermarket;G3;N/I;S17;C
d6862d571fc7f044963bdd3a8ba974848816ad7f1c8b2a8259c8e9a30e05aecb;R3;Dellovade, Supermarket;G2;N/I;S16;C
5a5432b0c753a3ef73f99051e8643cd6689f889a3ffd4b69fd3ebaaccb6cba93;R2;GURUs Shop;G2;N/I;S5;C
2d2a8b74a25ecc5c6c8ae457cecc118982909dc7a15ba1abbfe1b5a148cad3f6;R3;Robust Store;G2;N/I;S16;C
c1e330d3cea32ab85fd109eb02ff657bda64f6cb4c446af296a7d5cddf58e20f;R3;kGS Shop;G2;N/I;S1;C
8764379cac02baae6ccb77264cd346f9fb837854d22779cf77e157e8b2689971;R1;Gastown Store;G2;N/I;S11;C
2ecc7d505db891bee0948f94e3b4ca4ead02cc09a4b6e7cf804c9b322f3010be;O2;CalComp Shop;G3;N/I;S1;C
18be392e5028bcfedbe417d5562265a422bf0e11408bfb64f7e9d794f7cf1136;R3;Beckman Market;G2;N/I;S1;C
a8c3b1410397f26743a8af475567b93f58ae2d26ee49592c51741dec8ab2dfb6;R3;Besicorp Shop;G1;M1;S19;C
f4c2f06ac89e43182253437c18916da42882d54468eb22c8829542b336590e4d;R1;Tandy Superstore;G2;N/I;S11;C
39a56b5060ee00615998cf8e2f3f1abee7b32263346edddc0511c3b4dbd4ea49;R2;LiveWORLD Shop;G2;N/I;S5;C
1560cbde8380c9e06051c15803c143e4187d74b696b6d30b83bbf54377100d05;R3;Outbreak Shop;G2;N/I;S16;C
dc78084549e4485a98878c99f1146cf98708fb83cdb59c770f9ceba6c88edf78;R3;Karickal Store;G1;M1;S19;C
15cf562ec23a9bff9b820f76b46324fd2a16bb5ce6d019795fc9292b11046845;R3;Home Store;G2;N/I;S16;C
50e62d24fe5f71692446196b5d8a1836d9eb36443a140c29eeb5b1c764467b27;R3;Warsun Supermarket;G2;N/I;S16;C
582e488ae6a38045e3632348e1e6aaecd2643170207550b7734971d90aa1561d;R3;C&C Shop;G2;M1;S1;C
3e11a3648bbf4c761f7058ec592142c532cb1d95cd006ce4db932f11c2ade64f;R2;OutPost Market;G2;N/I;S5;C
5354f93da2d9ab6554299131119046becd726fc08de826048fa154a631b75c7d;O2;Maxtor Shop;G2;N/I;S12;C
f204b67ca057c5b4d97232791fb3a7deb7b9db97303938b25f36969c51efd266;R1;Keystone Store;G3;N/I;S2;C
1be98caa325ccac56a201d6b05c6e32d7351c4d4f67fee66bff1ea8c344debd9;R3;Telus Store;G2;N/I;S16;C
a864504fd628afde76b1856a7c0ce3473eb4aa05e1442d036d28a04e84e5a852;R3;AboveNet Shop;G2;N/I;S9;C
bd7c50980eea22b8e75ff59a98434d2ae7b08dc55267486cf06abe14cf89a891;R3;Pacific Supermarket;G2;N/I;S16;C
54e6a1e91444e06fadb164074370875c1bb94aec217e8805af4a9154345430a3;R3;Big Supermarket;G2;N/I;S1;C
fb27b2039c79d395f41adaecd2a9e71b0b1cacdd59620569763931ee891152dd;O2;Gate Shop;G2;N/I;S12;C
e0e9c4ad4cc67579607f737a2cbecdf29b97dc9c44bcfdaedaf55a885c94e1cc;R3;Gebbie Store;G2;N/I;S16;C
710d069ec1b3f5bb5273447cebc8eb3ee727063fef9ee49384568d8aa008ffcb;R3;Sagent Shop;G2;N/I;S16;C
fca49d44e8d71c69e0e8493eaa9670ea724ccbaf49cfb703c52c1727c66281c9;R3;Acara Shop;G2;N/I;S16;C
657ac89c777471a954a993e27d0b5bc01f3c3dc643fe05ccac3c24dcf3aaa9da;R3;Hetrick Supermarket;G2;N/I;S16;C
53d141d1ca09276eff7ae1101e7035519e8dec7a83e29378d82687bfbd6ce316;R3;De Store;G2;N/I;S1;C
5df515908aca8fe25870e1215cfc65d42327842d985d7918c97fa288322b2805;R3;Fifth Store;G2;N/I;S9;C
a2bea4944e16f006e19b1cfaa49578088949cd0cf52544faeed6278e5bd991ba;R2;EDS Shop;G2;N/I;S9;C
7fc18968bee1bb70584f3ba8b8c1266df5708dd19a7de6c4e932bfc36d7ba3a2;R3;Sterling Store;G2;N/I;S1;C
58b026004b9829725f3d405607f247fa841662c40d7e85e66fe9d44c68196049;R1;Revnet Market;G2;N/I;S11;C
a417f14ff36a54d6c38236b54ed3ab2cb15bf35caba2b1da06c5a6884951ca29;O2;Edmark Shop;G1;N/I;S1;C
47cb3adfe71ae32ebb1ad1283900a51156873795ceee3d55f2d7acb14d23fefe;R3;Onebox Shop;G1;N/I;S16;C
dd7621ce3096df2754913ae06763d5c4b9666a35ca6f8e80c8b43867446546ea;R3;Paraclipse Shop;G2;N/I;S1;C
54033e8baac0267699f84e725c2af74b22903aaaef5ad748eea3d77bbd1a52af;R3;Action Supermarket;G1;N/I;S19;C
1dd5f51cf594f0ee852aec5d7e0d8c6c3f00b8856a70cbe295f330e848248777;O2;Day Market;G2;N/I;S12;C
074f3004e209b4266af3d28c891f869a337fe1fceeef9a9b7c3a069715d51bac;R2;Acer Superstore;G3;N/I;S8;C
92dbfd1c89d52c931bc31b96b52050f332111d48338b6693818689763e398194;R3;ComeStore;G1;M1;S19;C
a2f1ec590d401d98ebc1d11f1311d608b7515fcd00cecb3082b22df8b27904a7;R3;Farrell Supermarket;G2;N/I;S1;C
9ee5199bc6e0f757153ad3051e4045a85c8f31a29874af154cfc369058aa1f06;R3;Garbee Supermarket;G3;M1;S5;C
420769b6f3f64f04031409458f6179986cc012829550e03ba8ba35e98683a3f7;R3;AC Store;G2;N/I;S16;C
67112aac674fcdb43e73bd8f38e0f0b68fe2be34d20da96441e28497f336e28f;R3;Zitel Shop;G2;N/I;S1;C
b8f78773632161ea09ef13dd523d13252684b751b840c0a25df0efe5d8857b9a;R3;Idyllwild Shop;G2;N/I;S14;C
612ba1fa3eb71e9dbc47afdd76e0c9cf09687f772c94f9ed995739a7eecf3712;R2;NECX Market;G2;N/I;S5;C
834f25b3905031ae798c3ab0659bb104ac2907c066731d9c0c4524d0c3ba098a;R3;LiveWire Supermarket;G2;N/I;S16;C
2883ddcaecc5388bf87f9670e89b2be5fd5b72d9bc8810040f3a2dde15864d86;O2;Lobster Market;G2;N/I;S12;C
90098df6d78ed21e5fa2903c3f07c708d78f4f7863ea5baac10861826367bffa;O2;ACS Market;G2;N/I;S12;C
c0ea2f2c3790c5170d264f20ff5bd2ae32cf41bc9619f70a48b01ebd413349b6;R3;Valley Market;G2;M1;S16;C
a495affd2dbff1b649615fcbb0c9ecda2c914eb61b88344b82e93bedfdfabb1f;O2;Tartanchase Shop;G1;N/I;S1;C
acd0cc97d9cb0fe6e7a14ae5c529b97f2d07564f4434a67fe348ba2772540136;R3;T3West Shop;G3;N/I;S8;C
7420e5a38356ec3f54db6f6868943edca17039d7c6ff6a02adea3bd50edfad92;R2;Telesat Supermarket;G2;N/I;S5;C
ba210164b6cfcedc04d0bd7af8d3b2170d6d7e3e72d5d35f8540eee68eec7710;R3;Borden Supermarket;G2;N/I;S1;C
1e227e73d72689f081459f29f322fe65daf77ff38c6f25da3973108533408975;R3;Aaron Store;G2;N/I;S4;C
4b8702808404b3a0ec1ac16cedd8f35e016301b0176ee57c021b37fe10143211;R3;ySecret Shop;G3;N/I;S5;C
2877facce4791864c24ef26035b60abc859a36de0a7a7dbd89fa0dc41f371337;R3;Pacific Supermarket;G2;N/I;S16;C
feeca8fbf0261fbba27efe4db2c4d7e1a69db3881a487f10ebf9c626e251d44a;R2;Farr Market;G2;N/I;S5;C
e2644b78672c07983fa9a38fd84e1dea5bd384dc031dc91c54ea6365011c4c32;O2;Target Gigstore;G1;N/I;S1;C
8f7c731c6003e1e6296425c8f121b98376be606cea35111a5ba3c902548d5c55;R3;Access Store;G1;M1;S19;C
ecb8227ad9024dc81e602d5a7127fa4bad6bba086d18cade0949c0548048a46b;R3;Nancy Supermarket;G1;M1;S16;C
3278be9e2c92ba26ebeb6e5e0199fb0336ac70d82db8d07a7d2975955f6325c5;R3;Data Supermarket;G1;M1;S19;C
f1363592521d9fab53540cfb12deed390a3f3b9e79da1457163a93184f100446;R3;Filetron Shop;G2;N/I;S1;C
0b5930c9972e0ed98cd70dd0cd652144cfa3983231655a37376a8a3d713891a2;R3;G.R. Supermarket;G1;M1;S16;C
13307e03346752577242de8695229e3e1404686fa4e75604064326ceaf11b5c7;R1;Elbit Market;G2;N/I;S20;C
5a855b2368fa6ff2f8661ce5ed1a81f72f971f5f095fd8e7b422f3c2c59c1ab5;R3;Cadtex Shop;G1;M1;S19;C
0b112f9265ae7f2feb43073f6e40a7c44cdbdcf93a166a2f19aef2becb98eaaa;O2;Xilinix Midstore;G2;N/I;S12;C
02e39f139a5242066349c7629ea1f34e7e92c1f6bd0dc64244d0f56a38a66b20;R3;Reflex Store;G1;M1;S19;C
6fc94f37fb6ad00c1c68f122c32a4078f6a82699735b935d0ce5d6d7a84d3359;R3;Ganymede Shop;G2;N/I;S16;C
f81cc4a82d52f20d5ac36a99d5431de72121931a48cdf4e30b530eebd1e6d698;R3;Relcom Shop;G2;N/I;S16;I
0f89ada0a7ab596cfe1269409288f6a3b8048d615b948569d5a85c719588d0ba;R2;Palo Supermarket;G2;N/I;S5;C
2530174891adfe1c211668532d70164b595625e28a76889873b8e99a19dd69ce;R3;Carden Supermarket;G2;N/I;S1;C
31aab7e492a555cff8eb023e5d7fc53c96514b07255bb8e52d71f07590fef1c7;R3;Dan Store;G2;N/I;S16;C
07d73d76965bacadb49c8bbf0f20641deee684fdb4a00c6634af1db9dc0a0644;R1;Finder Shop;G2;N/I;S5;C
1eb60cdf87a62e6fc969523c1b666f855b68fad94ea0add3b3e6937377b5ac3b;R3;Absolute Supermarket;G3;N/I;S5;C
2186a0a5bbe65e5d008985784b54820cbc74e0fd0ce948b4d0919d8f7cff9c51;R2;Renaissance Supermarket;G3;N/I;S8;C
bfe357c9274eef2760b134c378a3ad1af5f14f3c78e7f7bdbeb272d5326edafc;R2;Kimball Supermarket;G2;N/I;S4;C
518b9f29b3862c5e37af365921182406c2a107e52a4545fedd2c2e60ca8e0971;R3;Pacific Store;G2;N/I;S4;C
25a0a82cd2e424a2be5db229fd1cba5e8ba1c1542a3d0a52d8f10070c7aefbb8;R1;Crew Superstore;G2;N/I;S20;C
7e5631b40876f388a3f6d268ac230c7bcddf149231bb10992c306d75d4bde8b8;R4;UKnames.net Shop;G2;N/I;S18;C
6bfbe29b362886c7c534a6d2987a3772ff7f496b2537690dab1239d953c3d039;R3;FireTrans Shop;G2;N/I;S4;C
329eafb110ecfae0edaf002542ae7de7d1e76676cbe3650708fef02d2da8c72d;R3;Fokas Midstore;G2;M1;S16;C
fc463aa04df8af3da57cf4a706b260f7a78de58f204cca23a786a9e77aabf902;R3;Caravelle Shop;G2;N/I;S1;C
a5d6716c821a8a10d3e6e62ed58e360072bf30a2cdfaa554b3906e82ec5fc6df;R2;ReviewBooth Shop;G2;N/I;S3;C
7ccaefbe6bef551769b252a51b8c18081f30fa2ef07ae6642ed1d054c6186514;R3;BigJobs Shop;G2;N/I;S9;C
05427228a535944166de7c32d87adf70c89cae831dc33b6ba993d3d31b9485d5;O2;Kentucky Supermarket;G2;N/I;S12;C
8a19e565d9fbdac1e885e12c33732593738e278c4c7b4378be8c346b2f04d461;R3;Tag Supermarket;G2;N/I;S1;C
433fd4c2d36b8b9441889dd180ebb6ec489fdbe7e4f1c0e0ad6e82b2bf3db624;R3;Jones Stores;G1;M1;S18;C
f6be2653415d131c27febf0e854925d10a1b3b7850689d0b149a00e31b9422ac;R2;Calypso Maxi Store;G2;N/I;S5;C
3f9ab5b2fb6742acc811fece2f60e58a4066d88f48b9b52a8db3529917e27e07;R3;Velos Supermarket;G1;M1;S19;C
f6e2bfbcd7f01fbb41a3a5f3893eee434da6bb8f8bbfa6f345f54a4dbcefa35b;R1;Sage Supermarket;G1;N/I;S13;C
490dfe5c18c41b4f1333d62f97b29ed409cb6b8cdd327309acf449d701ccb081;R3;A-2-Z Supermarket;G3;N/I;S5;C
4dbf4babaa527239a2bf8e71e79e98f2ca7910c05d9f7eb2e661025d20d8e6b1;R3;Enterprises Shop;G2;N/I;S16;C
52cc76fa96c79012afcfe630d6bca22d9a819ad05f3a2720976ab5fae61537db;R2;zNET Shop;G2;N/I;S5;C
e87dbb1c0b694af396d1b4ca1a2d0954a3d7b29c435fb5ea03fad6edeb998119;R3;Userland Maxistore;G2;N/I;S16;C
443310143f1899b9bd1b14224fb01a63dd9867ca3fa3ed93adb26e2fa2e97b49;R3;Edorex Supermarket;G2;N/I;S16;C
f73eaf2bd759992227056c43a469c4dd245de41abbe6a29526e397ff22eee32c;R3;Transalta Store;G2;N/I;S16;C
3c37ac0525a2f67bccc8db4c8cd5677918978123b47d6fc629865116aad96bd1;R3;ACRON Shop;G3;N/I;S5;C
e7a8e7e7bffd50b91d8b47b2a7b4bffba4fce1f7547cd67813099f63c52bcffc;R3;Oki Shop;G1;M1;S19;C
83e25878daf47f4da4486cb5ade2db0dce83f6e63855103d911a775c19622627;R3;Ottercom Shop;G2;N/I;S16;C
0f35eed4f157c296bf1b10ae737e6cc586524de5f64e6048de740a93e9131c40;R3;Gemini Supermarket;G2;N/I;S16;C
9013a3d663e4d2266ebbccf0b67cd968a88a930a3834d1aee1bbd0202e93be97;R3;RFI Superstore;G2;N/I;S3;C
c8731ec6db39aff7971f05b7943693a6218c000d9918a5c488f8a6595a8f49f5;O2;Xentec Shop;G2;N/I;S12;C
ea3332ec71c4f26f2f59707bca37de40e38a8283fe96be189d7d64b3ef2f8e24;R3;Unimedya Shop;G3;N/I;S5;C
dd5aacab16e8ea68d91cd111a83cb4396c9d55017e0dfba2bf4b6eb46ccafcc8;R3;Accel Supermarket;G2;N/I;S1;C
773a810fb99e7bbafa917d6b0c333226a1633b4ce1aba8f1647bd81e417c8425;R3;Soloman Market;G2;N/I;S16;C
