key_tempo;invoice_date;Ano;Mes;Dia;Trimestre
af1d8d847c7392684a3689f2297a5a1c52d47803ae43568fb078e9e648921df9;2017-11-15;2017;11;15;4
ab481df23dbaca220e294cbd096eb36e31d43c817f521d5df2b0232c56c20c4f;2017-05-18;2017;5;18;2
1d96767689980f9be00421189ac104d9db0d702c9dd5b87263e478bc0ebebeea;2018-05-20;2018;5;20;2
272b0a31a575e730366455d5612e7d5bd7cf49936b639c998eba6fb851409f0f;2018-10-07;2018;10;7;4
9885b50a9c653332d79a6c8acc8d34b213563cd2ac69139f9923e4a4dd4ae9d4;2017-03-26;2017;3;26;1
5b91624741fa462cbf1b1609df183f57a6c80ceecc82579d9f5cae4b48531349;2017-08-03;2017;8;3;3
073cfdabd303c64041da6a2f59df172f4b75d11b9324583554d0d01110f5ad8d;2017-09-01;2017;9;1;3
4dbb2767bc9fd7194a05e2e7a4d178bd84fddce8c9baf25f88fd0633d4aab721;2018-04-02;2018;4;2;2
d232970174946dbcb88905cb9db894fc1cb195e444f01d99a58d4f0e75c69d7b;2018-02-15;2018;2;15;1
2b1713e1d7ab07a571cc2a6ac7faf3d7b2d05f5de713315c3157e5006b523573;2018-11-14;2018;11;14;4
0ccdf0cbae67895e88b3aaf3f1cfbdd19b91409ae7d48974293c61d86d047d16;2017-06-04;2017;6;4;2
fb01884f3c351c2173d7b90d8d377c1f8b1050b86a2d4f5ad2c344612fdabfe5;2018-03-26;2018;3;26;1
68972f41b22cc8cd9dfe9deb8abcd8ff4dc4aacfc2c76379bbe7bc4db8d7da68;2018-11-12;2018;11;12;4
2ad3453dbd4dc42312953b22c32e0ffbc79937195fec9114ecafe1d2d332b82e;2018-01-01;2018;1;1;1
c5127a86e85e9b2d5d9c92c3b1454fd7f9b31393f4633ed2b7280d89e589e38d;2019-03-05;2019;3;5;1
d134329d1df45b17d05d0ce9328f56bdc2da2690c3a8ecedd45c9cb636694a2c;2017-03-08;2017;3;8;1
f7c378270ea2087ad5033e0730ac7810dccaaea40db5b12684cef81947089cb6;2017-09-27;2017;9;27;3
a1ddf1339a8568094128090b93706e5a500fb1f6d3990d616f7ccebc5852457c;2018-02-27;2018;2;27;1
3606513640da3151ee1030b3d235949f67e3081c8dae8c90b3c2735468d51401;2018-06-24;2018;6;24;2
cf49bfa73c8d3916d535bf6b72e2e3de68594f1a5be0411a6316c562a3944cd9;2019-03-03;2019;3;3;1
53f65f4a527999fa817615c0d094d85d38c690bae9f6730d2b0d4de82e52f572;2018-01-06;2018;1;6;1
2195ea950a03dae3f7b666aa6a94f4774d4df9143067746db1e7fc4cbc9a7088;2017-11-23;2017;11;23;4
0aa453db6efc3498da5ed554dee8ffc8a5dbdb695258edf0da4f15a0146f8e55;2018-06-27;2018;6;27;2
97cca69291994913ea94d62c9f77f4e196c31a024e6bf8ffeb3578686dc43e4e;2018-09-05;2018;9;5;3
50bc762bfa5ec7b97504dbcdd739406f199876b8dc08a138756e059997646429;2018-02-12;2018;2;12;1
b4eed40c2b1d5b03a384ec86b5fb237c7fc84ff8bff05a406cb2c4e8bf997e00;2018-02-08;2018;2;8;1
5e039c3c92a15eae28ca590e80a04594bc34a1a1f7e46e9318ff7e3cbf84b580;2018-12-24;2018;12;24;4
ab29f6679f32a52ca9774aff248721667757ccfb2b2a5b056576f8896153b663;2019-01-08;2019;1;8;1
53c77ccb4873f4b9eb208aaa8831499f3a58027df2aeaca0c38feb9b13034e46;2018-01-07;2018;1;7;1
63d9da07187635fa5135d7a2c37843dcc16afd90d063acfaf1f1655e9455d4ed;2018-02-07;2018;2;7;1
0b8dcb17d00454ae9a5738db80f3b8a437543b00a149c92730eecf4d21912abc;2017-02-18;2017;2;18;1
160067dd5c263c540d7bb2ca3db0cb1c03706a0a71163cc46c0fbbb345622fed;2017-09-03;2017;9;3;3
710421874166aab029f6ca9457f2299b66226c106467f28b3164892e890797e0;2017-07-22;2017;7;22;3
3360a21ed5457aa7e41983232550bfce36542f5ae9d85fb0cc2474ab7828ef32;2017-09-17;2017;9;17;3
67768924a54f7471f51d4dc8e43877be68d5133b7ddbd5cdd9eb1444b2fd3df8;2017-09-21;2017;9;21;3
9acd5b152ab27f477f91aaa739cfa94314e482660cf801268d689539153415c7;2018-07-11;2018;7;11;3
ab5e8519e60918a0a3a19fcff124af6b4e8d1cfd072a4ebb14f690e41f2e9bbf;2017-08-05;2017;8;5;3
b8c25c526ee80666b612b2feee6aff1ea7a23d2f04ed932f6a7dc0800610b99b;2017-09-07;2017;9;7;3
f1fb9106c1311e4949237299780a1fd56d5616b755d4ae9dd143380c4aaf7665;2018-02-04;2018;2;4;1
9c301e7dc13105ac223d901d19683711bce0e3253b8b87551e0bf18713bae7e6;2017-04-21;2017;4;21;2
100d990a87be12a189f315bffc044f8b056601b107004b142d1c236de8df283f;2017-08-24;2017;8;24;3
e024362252521363e7755dbaab3afce4ad0000130ab60f9c1c31a64262fc0176;2019-02-04;2019;2;4;1
f448a28d16c2a726b97855ddf3c060f9825128bb95c48d33b8be06396e5fb35f;2018-10-03;2018;10;3;4
5597e2f1367f32ce51a19f0db86af5dc83547898a56cfe66a3970f2f6bcbc325;2017-10-28;2017;10;28;4
8d435ebf8f283109ea221be4f20a73ec5606fda9b03700ccda7faf9b442665ff;2018-02-13;2018;2;13;1
c29fc65c9dbbd9a2a4e6d0dd6a3dc60471f734547f3db5087fb070c6875a4766;2019-01-23;2019;1;23;1
348207fe8e07df4a65014812189c509353aa085b471f95c6132347326560d12b;2018-11-28;2018;11;28;4
a60e5ee4d32934abd11b3a400b71097a9a2edd752e7a8cf6245af1cc743c1a6e;2017-11-29;2017;11;29;4
e10cfed5b0cf4d8907d21f98a0209efd48a0c0619fdc0da7a113dbf2383df481;2018-07-17;2018;7;17;3
7b655a1e39770bd2a48b9b8678eba516081fa5d7153daa0859c228de8ba04558;2018-05-22;2018;5;22;2
ad780723301dab12fee25b6b2c350ed70b4a701468425f434299338fe246df0d;2018-06-17;2018;6;17;2
ecfb88fa40b60215e3713d1204b954fb83de9c31ff4ac7546fc0706e20b03aef;2017-08-25;2017;8;25;3
407bb7d08661d3219a52f693cc60996532ec883c0aa7b9dfea84dcb86fb8bb2a;2017-10-25;2017;10;25;4
aa7a877c33642c9af7be4816f015a4592724a9405da5777ba6c6fc31802d1686;2019-01-09;2019;1;9;1
9319d625031eeda3ef7419c3425baa1eae9109c6dcf2693df3b6adee925563a4;2017-10-21;2017;10;21;4
96b00b805324a1a398451582fa09f84802d4bd7c5d463c16b1289b74770863cc;2018-06-18;2018;6;18;2
ab2c4827f0450d6e9970b8913387c0d076628c57ce461a356e2c886e298e6591;2018-08-06;2018;8;6;3
c878db62a0729363a023800d68d17ff98f2aa59134b763f7950e65ffbd4e89bf;2017-06-21;2017;6;21;2
3fee442c7809b9657b2ddcbc8522517bc982bfce31b5cde2cf24f825720b8b7c;2018-11-11;2018;11;11;4
035e1d6797ec3a6cee7a0453b64f152cb97d52da45c1f82aa049381096113ebb;2018-01-17;2018;1;17;1
d4d26d87c6c1b862d2bc5161887091c53cb6180d718936437ed1822b2e2986b0;2017-03-10;2017;3;10;1
f3fade976731b2a41770245e2f15a5c3a58d6609801f553fd83ea955783b955e;2017-12-09;2017;12;9;4
083bd7e1c0c96afc9e0ff43677eb79ec9d8dc8a703370c6e09cbc9308cf8f7b6;2017-05-07;2017;5;7;2
527c00587501eb2e81e3081fcbd599c22c25279530c6be179aa4caea8edc0dfd;2017-11-01;2017;11;1;4
85e7e312e24627e9b0586b348098e0bfbd9a62310ca84ae7932777c6ce63b5bb;2018-08-08;2018;8;8;3
0716e19965846e484b6c2944e379dbec596434bf06474bee8efe50e1fb81520d;2018-09-10;2018;9;10;3
978540e7ca14f923e422ad5262a26acec4a6d0fbb489eb5d91076c417e66f842;2018-12-10;2018;12;10;4
a27d502d73edd1e8a7e06ef5434e202f8759ed3dd8cd71b94b66af4a8194ee19;2018-05-30;2018;5;30;2
6e69406124de0e05a7f498e20e0787319a148e8aa8bc9d26898b7df315fcce6d;2019-02-07;2019;2;7;1
c84d8cea7ecc063533dd2e4cbc181781b511fd8af612cd93b006a341103d0988;2018-01-04;2018;1;4;1
35c0dc45d4b37245a9156009b2a878e7ef343dea002dff554408c6db8de5c02a;2017-06-14;2017;6;14;2
45191411b2598e7d84af96bf2f47eb505d666bbee737cab6870203c9ef0aaf22;2017-11-24;2017;11;24;4
48ca8dd2eb70ba3073f20d52baffcb9292d682f4bea4c7697536cc8f8fc5f961;2018-05-19;2018;5;19;2
6c99d3734cbfb86077c5f6076844aa582ad196010cc4f0b07b7e5c43230e733c;2018-06-06;2018;6;6;2
e436d6909cb62bf33f6774953dffe0200dc24359896d36fec1f52ba7bae27735;2017-02-26;2017;2;26;1
79040346030d1197069644c136c0bc99aaa0943ea3c9dd0637847026c9026704;2017-08-12;2017;8;12;3
e89d91ed2b370bfb7cb320488d5163dc80734b4a6c57a6c9bc0d03c0d2c1c998;2017-11-26;2017;11;26;4
5e11734fb042399609484bb480cc7825994ead857c461bb5a678b059e2358102;2018-10-24;2018;10;24;4
e1fe214f9722fa1a0811d1bae3382619adab08691fec43307f33f576c1cd7b22;2018-04-24;2018;4;24;2
955d875be18ef47fd4cc9efde22c654e3c97ba04a696d65374232499e3e2679d;2017-06-28;2017;6;28;2
c4b96e245eb62bb34fff4df61b691e2f2222c1bb1fdd6260d0f3d1bb5f4ed2ac;2017-07-19;2017;7;19;3
5d6fd3cab83182e8e428125ac2f316d19299bbba75c60c8d3e7948abfb942344;2018-03-07;2018;3;7;1
90fc36cd55280ee369b6959d72b7a5232d7874b6509f920e8a68151ebaef4fb6;2017-03-02;2017;3;2;1
0fd8597a85b464e16b3917bd007c66b74a1e93c73ffdba0ed872c53bd3603403;2019-01-31;2019;1;31;1
ca19f56aa9b5ddf2130d5b40d1bbde4c93d9de23b1a8f80c6271c83b0113041d;2018-09-26;2018;9;26;3
bd512cc31b4bb923eea8522a1ec76c417f00a99ba7dbee9bb5d2c10ea7a86957;2018-03-10;2018;3;10;1
a742b207ac67e4e0c8cbca64e2f1b9c5312f21cb2b828eb11092ca40fe6481f8;2017-02-04;2017;2;4;1
4fce0ce9ea98e347cc06b9e42f5033c82e1a032474372fb3203e814b0320cc48;2017-07-14;2017;7;14;3
c41e4e9b6bd5fba1ebb9e84038a56af04e66f371f20734b34d09a0b3ded07370;2017-11-05;2017;11;5;4
01b30e35e8e32f4ef9b06048a68549d8f70762c0279150bb760eafa843e7c44b;2018-11-21;2018;11;21;4
c08dd6b01a694f9bbbbeadd4cebdb5237527c233cc3ae3ed87d6903419aabdf6;2018-01-24;2018;1;24;1
01664202c3c6bd07718311654ec2e1874ad683e8ab021b5c9c47604521ea0432;2017-05-12;2017;5;12;2
e462b9cb0d5475b2625cd435c452249907b18b7e8e739e4db11275c95c753219;2018-07-21;2018;7;21;3
e5303a8c586756c0f634aae5232fb3a4e14130d520ab7179e5d13a4debaa7f62;2019-01-07;2019;1;7;1
65560f9e1826bbbb8317da0ded237aefac46a513d97439e8f06965bae9ee1f06;2017-04-30;2017;4;30;2
8b8b7011aa23563a132e5f5e62b83f41d6a3c797b82cd729fcdda4ba46f301e4;2017-08-11;2017;8;11;3
5385661bb68ffec71a28947c809121b9aa4f7b7e36cdf0c3220289d7cc3b74a4;2017-03-16;2017;3;16;1
ac23af039a56b5af1c65b432ea99a276ad87d86ade0370cc8032b33e47e7b17f;2017-05-24;2017;5;24;2
9d577f15893ebd772d0801bbd7f6a81b62e12c11b8b058bd5a13be29cfa00cb9;2018-01-09;2018;1;9;1
107cc78c9377bbcce57952e1c9e9b63d3612283faf5e910d5e5e045356c4da02;2019-03-19;2019;3;19;1
15eaaf67f5adbfb8402f9f4b309182cd3ab2b494bdb9648274face3ad2a3da83;2019-03-04;2019;3;4;1
aaf43bc3b75896b5a35ab190aaeb9aac60844643d563fa4b667bc30458d07250;2017-05-28;2017;5;28;2
d63255e483291f90c88d2891e3e4b1753e162bd7f3cbaa7f97d3baea7efeb058;2017-12-17;2017;12;17;4
8b6d38dc171585782dc90c3616d758b0897257b964c964cf85c8f1ec57a2d0a4;2017-05-11;2017;5;11;2
5ea94eaf8b7f1bceecd66485cf5901d908eee5e77e41d7cd768f72a1b13f5e8c;2017-12-27;2017;12;27;4
8a1490e554796ece51eb268a9044665b7dee21dc5d1b653a65dd597561184f95;2018-10-31;2018;10;31;4
2e226c8f4d04c5490bde0ca792e12de53566c5eda0868b16bd725995e65207c5;2017-03-30;2017;3;30;1
895fd0a7d129e3e1fb7315620bdd7925089244b43bf5150fd2dd0665c8b4ef15;2018-04-22;2018;4;22;2
359aa4bb1d93b9fcf6c448bb5f274f068d248f7f06ab1a7f02ea82e0383391c7;2017-08-16;2017;8;16;3
c7b6f59e3df42755e8c917007c7dafc624c35025a324aced8722f09529a886c1;2018-11-04;2018;11;4;4
1bb0eb7fd8a72626a9d29fc406dc14a639bdb101509e7b445833eee78e0be0b8;2017-07-26;2017;7;26;3
9c25a55c606cc9ed13323fa2b84e60279bb55fb9ad43bad702b8cd21025becc9;2019-02-20;2019;2;20;1
6466734c63502ffb1fbc9a9e6140a59cdc36c2c11c45502324e506e56e268479;2018-08-27;2018;8;27;3
f430d715815e24d28f2bc730e30c7fe69a4d884b6bd4cfe4e5cce837e7d3de28;2017-10-04;2017;10;4;4
bde2c1f7fb0a3f56850181bed47ddb1e62098d05404346504782a639e2b79b04;2017-02-05;2017;2;5;1
57ca45b98cf34b364bd00ff21afeada544392c3048c7afee94472ca5d6c37d5c;2017-10-22;2017;10;22;4
f3fcd011e3070197d7204e25dd9d009f8222e7dbc4385f13a9ba15632fb5db97;2017-04-06;2017;4;6;2
5f73b524c4c2cc6b90de7fb914cd59359d9bac048bdf9440d3a92b62e549e7b7;2018-12-03;2018;12;3;4
90395866b4df9f7fa428445fb19e6e85b30a2d0d8bdabd40fc4cb3b783ff8130;2018-10-27;2018;10;27;4
683e0de9849d6c468bf5058606067762c69fbd4ccf406649a68dc4b2de034e7f;2017-02-12;2017;2;12;1
53a815ac5f0fa603076fa4332808363c6a1900abab5a7aa8b4ace890ed723a5b;2017-09-09;2017;9;9;3
bcc6d6debc767a45081f51fe8839a54cb920b9ffaac918e33e2f0912b66cf992;2018-04-18;2018;4;18;2
92dddeeb7f9e305fb9d6cf06febed28e2d4534b17d491ebe9d378a7d45b3494c;2019-01-28;2019;1;28;1
5289d716f8e3a3886930dfb4eafa8d37c82acf5f72bf501213bb77f33eb5baac;2018-09-19;2018;9;19;3
1dc0bcffc06825500246f23d8b0691e4551e990f34984b165c4e7e64904fed96;2018-06-09;2018;6;9;2
af3f8818bc04401fb85ec6d14dab5a1eb15aab99854d75f8cec13358b8bf9f70;2018-02-06;2018;2;6;1
1d05ce0b15056002ab02bf97f99aa1a985c142e55c3919cd4c5761a99a66522e;2018-04-17;2018;4;17;2
c01fad05355c2bff70002594e4b83287f8f91aac550cbacaa850f1c047040941;2018-04-29;2018;4;29;2
908ca10ced62e5789daf8241234ec2675ea7301c10cfa48ca0f1adaa06499944;2017-02-23;2017;2;23;1
679553f74260131ee141371acc6957d4256c5488c8899480fd4cf8d5c0266b41;2019-01-17;2019;1;17;1
45c141851eba179fc1f3ea46a7f9c1251dd6f1de6d417fb8dae496bef1d50983;2017-03-09;2017;3;9;1
03ded022f637bbad8ed3b7b78cbd31143b606fa3c33af44232f77fc460d9fcdc;2017-12-01;2017;12;1;4
f42ffb3af14624395139308aae4c860ac757a3666a87488117bb40f551bd1665;2017-10-13;2017;10;13;4
ad7de205f6a2b32094298414f5dba802c36e638335ceb89ac0d4c73859dffc14;2018-03-04;2018;3;4;1
7eba9c194fc996748b468221703751aaf18848a8ec905964d53d6fef5797e547;2018-01-25;2018;1;25;1
4e033db52d58c0f6ed61abe2a498ff42f8ca2cbf51a15d70147101d3ff722a71;2019-02-13;2019;2;13;1
e3f6660e80921c5a5ffcefe8c7f7732b1b3bdc1242b7b11cdd1b442e483cd1cb;2018-01-31;2018;1;31;1
c891a15859db467ddce592e8554c6b760f607db0aaf7b5e4473f602aadf934c3;2018-11-27;2018;11;27;4
b04f7aafc8231d4abffdd0bc78154984770c629d65521a64506c6f1fff0b8d43;2018-01-23;2018;1;23;1
aa809b1a38c4798bd1fc6cda21ca7ace3025902572983353f888e104063305f6;2017-08-17;2017;8;17;3
57e8781d0f42b909c3007997a10a46bfbb9328d63c0e1e507f66e9db4a4d657a;2017-11-09;2017;11;9;4
b3b747dbfb58e38f36c6f6a80b2af9270b91228a4bb6aec32f2213a963a4f8b3;2018-10-01;2018;10;1;4
83749813379eddd4f065a6af5e2bde0770b9fbcae1b2df72ff71ff77317b670a;2017-12-07;2017;12;7;4
5053396a046fa9d2369ad57c019c440901f724ab409d18755cc84ba405f714bd;2018-07-10;2018;7;10;3
7eb7ce36034845d6d596df8b6d8a1c575c8e999af43f1d7c5794066e070d8ed6;2018-03-13;2018;3;13;1
a541faf7ad3d32695613b66cdd90ece266cf9b697833927710917914e425a3b0;2017-04-14;2017;4;14;2
f75a278b7522b6c39c31f02f7d6ef42b8cdfc0fca70d20c3b04fd4acb73feb71;2017-12-24;2017;12;24;4
974c5a0122103ae8a189ecd483875a995ef28b4e7297554ccba7b81355af1efa;2017-09-28;2017;9;28;3
5ad423cd80c4630d2f332d32a52c24da0f249bca85fe30bf01119a5b08196617;2017-11-10;2017;11;10;4
9b05ed37346277730b7f0024ae5969dc5d78a260498bf3d3c48d257d01dec948;2017-09-02;2017;9;2;3
57ce4740c589e02b979ca24dc3978ac46d051015c5dada829537b58549af5c86;2017-12-15;2017;12;15;4
73097d029dc8b5b8f8b0c49728cbc61ed8b260cccbaf4dc0049d754cdd5865a7;2019-03-11;2019;3;11;1
f3885eed3dee8395b2305a94c900c1e37884cb4c00a60204da0db3f2c8103647;2017-12-03;2017;12;3;4
2ecd35e044392b70360b2294b1ed16bbdbb42f7b65742b4f350bad3d82a3523d;2018-02-20;2018;2;20;1
f31786bd92a244aa7db4a49a266185ff8966ecc245059f3182e8fa05c2891b44;2018-04-28;2018;4;28;2
a78b89578cff7e903c92fa158450f9d5a2a6cc0783878ca1339cf2c6fcc9f5a4;2018-08-21;2018;8;21;3
4ca058b83e4c39c66a517549f3f94488c90815628ef9fe1de29f5e4342ce0d6a;2017-06-03;2017;6;3;2
81be3ad2ca32e29f42d22d0e666cf5713a60bafa99b403dfaa41bfd13de60888;2018-08-13;2018;8;13;3
11857d0990bc2a3bb38e2a926232d8779b357f11460621f678852ad7de4c297c;2018-12-25;2018;12;25;4
de4c0215c4604daff5aea0eb57fb5ac879df9a40e1142add3259ed1fc3f8655c;2018-02-25;2018;2;25;1
c91259b3b8ddd1e949b248d2593ae3657593d96d4709f744f6e7e652264250db;2017-07-08;2017;7;8;3
0ce218a4feb62144cb4d811bba1c28a15665ecd5b50718d3b77372f83a773a9a;2017-01-20;2017;1;20;1
50101d93f286f97aff32ddc45974983f343bbea9817015c4966bc1f685f0f334;2017-07-27;2017;7;27;3
fd65b2de12905507db767df69f2cb9100002711f02b241491a687418a69f87a6;2017-12-23;2017;12;23;4
c5685fcc5f5cb7c1c35b0ef109fbccfaf498726bcbf0d5f76cd796d7d18427f0;2018-08-29;2018;8;29;3
705ee74b39e8ab7e26e7f62bb3c1689bd2464acee7710ef38bfef5b4413f9e74;2018-08-26;2018;8;26;3
6813057586f3a9bd357b4ecaf94c4901501a17d4d8690fe34099c8b8cd35fb78;2017-04-29;2017;4;29;2
4b10a26db3207fc5d45b82ad556ec2a11e38f05c70fafcc77abd5a264720c7d2;2018-11-03;2018;11;3;4
245ccfae98c322e5b26e5edf3d3481c2cb02c6d5692ced2e43b559535a813bca;2018-03-14;2018;3;14;1
d3f2604d39fdc1f7a6d7f716d1b67a4b31d0eb424343fee6abdb7cccf0db0a95;2018-09-30;2018;9;30;3
0cae95ee7486f3cb4a4a789a563f8c063fb98b758337f48a5cd6566b544e18ef;2017-03-11;2017;3;11;1
b1983f73248e7f676a8ca754c363c965d5e8bf1781b2c44058dc56f640b1c4c4;2017-12-10;2017;12;10;4
90a9e51dc0e2ca6fab1849a0210a28c6480408e5e765d989eeb1bd7166582742;2018-09-08;2018;9;8;3
73101a2f0c3225db5fe4850fe394a8db021d23831ec2081b151a4f7d095633a2;2017-06-22;2017;6;22;2
29522a498c59ae26514b5aac28261653ee774e6aafc2c405e48f25ab4a0e029c;2018-08-14;2018;8;14;3
ed4e7521a9b7e443c7397be46aa222377cbd9f2425e281e22614a9f233883053;2018-01-08;2018;1;8;1
ffea18d8b3ce171df55d51751c6e0a244b4b2ca259ccb8f901703cfa49baf5a9;2019-02-11;2019;2;11;1
296858d12d9197bd08614acd2cc8d12c8647b9bd237f0462a983a53e58b17e77;2019-01-30;2019;1;30;1
879a42b77c89187a34fb4b89838bb88b27bed1e76cd3652b237769bb8f81c537;2018-05-07;2018;5;7;2
32b44df8dde0a4c242aeffba6dc70926039145efb664283d5356517f3f7d9d2e;2017-04-02;2017;4;2;2
34105ee90fb3bf672d11b63b7758cba985fc311ab603d4e2f24e0d607439a314;2018-04-16;2018;4;16;2
de232c6e25b5ca2abfd8a5e1d5e2e8480cf6fdc79d113ebd82b92fa9a1217625;2018-01-15;2018;1;15;1
7ad5698821fdaa443dbdb5ebaaf6fe590535ad325a857b9229a41e1567c247c3;2018-10-30;2018;10;30;4
a4ffdc5560c4fc932f1bcd977f58c2346fb38543ddc4b45cf225c7d2a9a653ee;2018-12-18;2018;12;18;4
846a26222bef99fb54eaa155fc39d0b388cd50fe89c1f62e5552d173e3c7d809;2018-01-10;2018;1;10;1
b727d05feeffd49a556864fa162dfdb8e51a9c2ce1ffd3b294fd9392b766daa4;2017-09-15;2017;9;15;3
a2b365b22cf87b578bfda84bfd3cbec6bda38e973341342f30034a9f68d0778e;2019-03-14;2019;3;14;1
f50bc8e691bae3ce64797e2cbeabd17f564f61a092f465f650dca5a0bf1d54bb;2018-11-18;2018;11;18;4
f4abda9e3307f4018eb9638c6c86bad85923d88f0392d8502c795bef81a2e411;2018-11-24;2018;11;24;4
a344eacb77ce25587d31640a769c80ba0d56e53b4b1c39964e9f4eb76243c45f;2017-03-25;2017;3;25;1
02e594fee6896ef047d347179dda84849d3fa5404bcb14c3e0a40ac63aea245e;2018-08-05;2018;8;5;3
22096b06456e2448a9b690214d274d5912ba0e5913c1245302d5f459c074fb68;2017-04-20;2017;4;20;2
c2a0b28fc450d2fc628a2e7f29f902ff00c245931449b3d331ad274affa76835;2019-03-07;2019;3;7;1
68b312d286b50e30c259bd56cc41addd269707610cac5bbb23f2e8095682f87d;2018-03-11;2018;3;11;1
b1ca3233387b6b3f0e8011b59922ef87a0d53dd7907712657f9cac491786de5e;2018-03-12;2018;3;12;1
54b858f369e4ddaa2bcf0256ecb2d0c9256da2fb7a0f0ce2cd67c0df69b1be6b;2018-09-17;2018;9;17;3
71bdf09eb343ce0811f4ee8f587c64021ac0bb589e206b62173a59de704b69af;2018-10-20;2018;10;20;4
d765a0d8e3d24e03becb6f9d8e3f6543c79fad26ef7f87f95e47faedd863078c;2019-01-01;2019;1;1;1
3ba5d04ff70ee9f1783db5542b01135c5d2036e2a4470adf07cc723e51af2148;2017-02-10;2017;2;10;1
43d8f6695b3e6fe277e7f90f221a2c6316d20b6e99f7a12716f0327b87c2f4ae;2018-06-23;2018;6;23;2
804c07292f23ad453e18e965063e0592cc90cb1bcd755e193c6b110f4ead1d57;2017-05-13;2017;5;13;2
4183ffa041051891f99ffb22f7ebfd83137237a021970806b218172ff09f473f;2017-09-29;2017;9;29;3
878a7bfc84497820862473757729e3e2512f1bd583a88a0d44bdf958455d913b;2017-11-18;2017;11;18;4
b923f756e37636760ed231886da26903245c9ac034e4b21f352e5213dd27cdb3;2017-12-20;2017;12;20;4
cf5923b13a16aa32287d079b9a0b734a036ef476309994841b880dca32ed4df0;2018-05-27;2018;5;27;2
21659bdd5406232f43b345ac50cce859e7aaf7285423ea28ae17657d1c2c7fa6;2017-10-06;2017;10;6;4
482d4b326365eb7bf77d7067210de8d96f3c02b9143ec0f3ca6ddef6fc9a3341;2017-03-04;2017;3;4;1
6d33eb96bde3e19bc90b13a233772251d946befb5a1279ab2c6bc9897225c472;2017-02-17;2017;2;17;1
0dca552a7bae5cdd7f6fcd654b1271179c684fbf82070d0e65d349b30689bd8d;2017-03-31;2017;3;31;1
7e7eb6b1ce70150913cb83e73b1b9ef4252c371b3bbd10f161ea3907010ff947;2017-04-01;2017;4;1;2
8bf37bc1a2f2ec0a0847cceb5971242f4c554ac4aacb4690c50883f7e4a8519b;2017-07-23;2017;7;23;3
340e9ef89f01d974f37d1f16db3eb30a8f9a42b1e13990821b03b949c31e0c98;2017-07-03;2017;7;3;3
2936b11147140257645c4a9c52427e6f9a5ebbbd9f6f33c080ad4049341a5c57;2017-09-08;2017;9;8;3
0dfd26c5f4c4b42f5fcfc099516095d90eecfa1a2a294ae3d13bca7f0fcae3d5;2017-01-27;2017;1;27;1
9c8c6d96b97621d079b37eba97a8a263326713e7f21c4adb4cfcf02f859c9a9d;2017-08-23;2017;8;23;3
a6aa887f4f134d0fbedaa8b3fa44c1ece1ef986c8b3370ab61fa5d4953aa1c95;2018-07-01;2018;7;1;3
f67f8b88c4ee213aec90c1d2b6abbe1d9ead9d41914cea84455915d67df6b963;2017-03-23;2017;3;23;1
3a1c42cb9f947f3cafc407509102d8d401e23f268336d866c79ca637a578652b;2018-02-28;2018;2;28;1
12165dc99f8defe116982d31dab5a7f2fb44e0597d44eae0fdadba9abedb5750;2018-08-07;2018;8;7;3
780201c23a8a7416c8c0029d79014ee44e451dda34b516296c766a324ce0776a;2017-09-20;2017;9;20;3
faf994c235595a403f0f4b6a3d83af4c99a1d46455048078903d5b54be05dbaa;2017-12-21;2017;12;21;4
61601da0296d4a754dc1a15a4f1d584e5b418fa636d394cc2ede9c166c54ee45;2018-01-02;2018;1;2;1
7f3be274f8914a50e183a3a14fa28081525766cef0c5ede302b9c6a086b42f23;2018-05-06;2018;5;6;2
407fd64287eefe5dfb3df6f8a3e3b3bcb288a4e4e7f64addef632d982d8c124b;2018-03-27;2018;3;27;1
ccf2e23924f10a0b2ea102b543a028138298a196089a6e733b134596d72903f1;2017-03-18;2017;3;18;1
c756964136409c1851d7f0fb8c5242f58db845014353c74518840ad32adb6c98;2017-07-20;2017;7;20;3
a2df0bdb9f3fc9b15201c84b1ca59646d564a947a2945fdedd1770650a23b929;2018-08-22;2018;8;22;3
4c31d9ec0b9aae735e3db7c0e3b056ea22339e1133ef48671fcc4a7be665861a;2018-02-21;2018;2;21;1
7a1b9844e22f8ffcca1e7f20119b735039aa321e1b8dc7feb99522b9be855c9e;2017-06-17;2017;6;17;2
14b2cedee249cbfe53bcc833a17047f9d75fb45815ae10986e30c22d8e1a45f0;2017-11-16;2017;11;16;4
c0d4db3f46b1d49264b2ce1a6d8b3ecde9e7454913ccb4368b1a36c5c7049dc6;2018-02-11;2018;2;11;1
403c0d30aac6be90275a2b2c5f9124f180e2a651ed420f7acf41d0fbe126f2b3;2017-09-22;2017;9;22;3
47ce01b81d93ad84a332a3e1ff23e040dfb2d30cef6dd56f877a46e29a972adb;2017-06-16;2017;6;16;2
f3d2ee74258b3604319dbf491680e688917d44ebc5f75b79c193bd112b6493f4;2017-11-30;2017;11;30;4
44d502393d40af83cdf3d93777004a67cb7203a51ddbdf2acc4c1372c6bc08bc;2018-07-15;2018;7;15;3
adeafe3e4623f6e4b68cddc635a3780a25fb193687bde55fbdf62357414319e1;2017-07-01;2017;7;1;3
4f924e65487116e9cae07b69ea4336cdf93a213394da3ee2954e04969fcecef8;2018-11-07;2018;11;7;4
d7fe002503f7ab766b535ddb31d2cd9f3dd7b3bfba336a9230e7e78e2301e5cb;2018-07-09;2018;7;9;3
f91eb0463bae164718ce9ba77e68d15dba7564d6e2fcece76793544ccc6e1979;2017-05-20;2017;5;20;2
d1cf2f424bf5ff1cf70ad02880171e0ca7c02995ffe86ed52e946dae7e210281;2017-06-23;2017;6;23;2
044ae1d4edf7eefb821e8cd45fb54c0cdb99fe10d5f0321855f5b4c65087e55f;2018-12-22;2018;12;22;4
e9d9a5036665a4f634741057a70cc888829eef8e6842e2874972baad838bdc0e;2017-03-12;2017;3;12;1
d7d7c25fc346c159a55fab95b630be2231360f81e4b2120cf86b39ec65cf3236;2017-08-02;2017;8;2;3
2a9721e928aea5112cee1b48ad8783408bd7d5818e23374a05d4e4b50a014d82;2017-08-10;2017;8;10;3
3c71d3fe02cb504e38680eb3e5e901fe3c8c1cf4864699c09c0b22d05827deea;2017-11-08;2017;11;8;4
fb979f57d38993beab56c1d5ed0ed86808a0112f7b006ea92249b6c40e880140;2019-03-21;2019;3;21;1
a3e76ce7a1b4702131fe679778c07fdfcd1413078f98ed7b80f9e9d9fb80d35d;2018-06-16;2018;6;16;2
aef576f2bdd52d3ea833da6d00d79f22c77450f5ea653ff5f4ebce13c2a04e5b;2017-06-02;2017;6;2;2
e276cc9d92d228ee0bf575c15635bb7a637a843eee7b651cb7d19f05065ea7d0;2019-02-17;2019;2;17;1
453d6b2878bab0b34ed78ac4a0dc31efbbafec447c28c27f8d9c0d11549fbad9;2019-02-06;2019;2;6;1
08c15cc1fbfe566dc4cc49b326466b733d275b9e45e038fd40c4565ebcaafe53;2017-09-16;2017;9;16;3
a6053c190fe9fa0f682c8113fa0e9c49770db33b557bc6960c71a9bf93237e87;2017-05-25;2017;5;25;2
5bb64b90fc0d7d7de1e65bf323ea12e7f1334f627114bdaf776c472ccb068c0a;2018-12-08;2018;12;8;4
9d76fcb03e9c9f1378da3682a931de56ba374af78d300d2ba179edebcc2b17a5;2018-01-03;2018;1;3;1
abded9099fe26dcf53f4f67d73e9786bda7d3249eb743b44e3d36907a6c0c5d4;2017-10-29;2017;10;29;4
2f0516da43f461a8af5acc544b516ffba45184d764a6360b34f7897a0cd21235;2018-06-30;2018;6;30;2
0dd06181d784a9b892169bdef1317352d2d8420c2b93925866631d7076d7299c;2017-01-25;2017;1;25;1
2329e1b50a7b2ea6cc04d331918fa2781011c043a43e194042be8cbf044b61e5;2018-05-23;2018;5;23;2
5a7a2a99467e0f2f72045d630f48d82e6e7f9394f9efdd1e3fca728df45b863a;2017-04-26;2017;4;26;2
0de02707d64f662860cb1d14884521dc2d88dce1c0330a8df57b60b826a6267c;2018-04-11;2018;4;11;2
e68e64457737625d78023bae2a5c235d71441e8c74cc7f8c121ab359c2ad93fa;2017-05-10;2017;5;10;2
e11a757ff446ce256ced032a1f9ad4a3240643a887c5b521e1d03797ced22ecf;2018-12-01;2018;12;1;4
4e3fc465cb9c98ac0eb6ed2074e58e794eb5600e41d5e5bd799e569d4c6d9dd8;2018-09-16;2018;9;16;3
1b9ef004b0838bde53ec03c328866359a21b242ab74760a58af23bede9675051;2018-10-08;2018;10;8;4
109fd7d1a5ba2887d7da673ebe3e9ec15995053fbfab2c927f9bf1ceebcfc412;2019-03-12;2019;3;12;1
548809be7c6e25d8a24e211861b1dc46079c5556c04235e014c8d406cf915c4c;2017-10-20;2017;10;20;4
f3412ea957167c79d773939f09cd7da9ff15320df567307c4af9b4caa02abe42;2018-07-30;2018;7;30;3
9b53bbbdfb77e885388472efec0fdacf505ef71ee08505ff59c258aeca7fd717;2019-02-27;2019;2;27;1
c0dbc316c2f429ef56c758307111fd33765742875d0930986c2a9ea7434b70d2;2018-06-05;2018;6;5;2
d01a70d9c84617c94b1e193e787b1c113d705847698fbbbc3d77b2e6c1a8bfe5;2018-04-30;2018;4;30;2
02f5ea1605ec5fecaa7bc936e0ab735b621a53ac5e88c08f0956746d1431e347;2018-10-06;2018;10;6;4
ebc50eb9c2df5062eb716b1f731c24c453aaac43d6f4a218414c74ad686390e4;2018-10-17;2018;10;17;4
f56915a561b8709d4067a86b99fb605d5e3d9abc1fade1201b76360eaed3e3fa;2017-10-11;2017;10;11;4
85471045f03cea12b775a42cc13a9a2427bf128e63afef67eb2db3bd6c0f1bd7;2017-05-04;2017;5;4;2
decd212d42389dfb728389f45eb91b7029d8506e6fcb1e7882e64779541194ab;2018-01-14;2018;1;14;1
c8b8a2ae41849ed26d41d917b08cc7ba5733c9eab65b23a21752688fbd3cc1ab;2018-09-12;2018;9;12;3
f8e38033bee39913630fad55deef2c1fbcd8fedabcef851dce33d08f429cc816;2019-02-10;2019;2;10;1
fc967625bf0fcf4de6e31c165ccd2f107a3734773e8480548ccfc31389d5602c;2018-03-06;2018;3;6;1
f782abb9280fab767239c6342a0f4c0ec347ca0b784b9e4d2bb7b3b34cb3ce72;2017-01-22;2017;1;22;1
029eaa3b8a1e292b0cb55ccd97b05fbae16e5255f972e17dabdf706285668ded;2018-09-03;2018;9;3;3
98e3ac89230a6d91c3d3dfbd6e18882d888611653f9209809b49e1ad51339ffd;2017-12-30;2017;12;30;4
44835a18a21427932b0c881717a50e7ef8db4b05279b35179b55c080fc569826;2017-11-22;2017;11;22;4
32866e9f645506a6e66edd697c44b32f071a40c0ea148d6ad72e601e3d58ed8f;2018-05-05;2018;5;5;2
09daf44b9b7f1c63b66af635bcc939d0de53058590413a6a4ac4723010f2bef4;2017-09-23;2017;9;23;3
d40c914aabc64ed4af0127e1c62873b3d08df2d1ba6a7d9122e19be4c50ccbe1;2017-05-27;2017;5;27;2
731cdc93fad7efcc2e49b5cf207d28a03c496d95c040d9b18564213d716adc00;2018-09-25;2018;9;25;3
3bbb63d5e3989068357b18d2e3dcf4a161b789ccbad0d633466ea304ddb2c65f;2018-12-09;2018;12;9;4
2a1369d36d37a089402fb370b6a9a4a87dd4cd0683c8dbe5df8f1ef2683649fe;2019-02-25;2019;2;25;1
f2ea67583f351be97e7d8c3b51cbcaba61ac4df6ebeca1bc519c481c3600535e;2018-10-15;2018;10;15;4
ce549f785259596b077d9a1b0901166c81b97bd10351f800031ac9ea805ff464;2018-04-07;2018;4;7;2
61cee32b36ee0b3017a7e24d40e85c6c8161a635264a3542759c30985675a1fc;2018-06-10;2018;6;10;2
bb4338a08770fa4f1f2a86ec188e7eaef1c6f68d43dcc9f4028acabb346511eb;2017-10-01;2017;10;1;4
6645b6f2f5b23807f3561f0274b4fc4c1ed1dbd1dee8314c1110efaab1ab3b86;2018-03-28;2018;3;28;1
8cfd3ae18ee49b73b2835b0174c8b9228e1f8bad5c087c0afe0b5e4fd6322e69;2017-07-29;2017;7;29;3
a0009755b66880f92269e7a4b33b0fc1464b4b8bc41c6038d87ec4eca27a4499;2018-05-02;2018;5;2;2
65355a53822db204730abe41e6a544e21611ca455939121afb266e8bb3b4ead3;2017-07-21;2017;7;21;3
e25b111ff13964563ebe2869263063cc97c2b0200e38efb647e750995388b5ee;2017-02-24;2017;2;24;1
4789455b84f67172ce390e2ab7d487ee76dbb1cdb3ccc7242aeb9dda39a3d670;2017-12-13;2017;12;13;4
e280eed912b000c4f0e6cb36f2aceb023bc6048a39b4e2fb43af4141f4cbf9c1;2018-01-30;2018;1;30;1
a8160f45e1cc891a2b5c9956b7f667f84be7951d0f457a0b5464440eb75d704e;2018-01-22;2018;1;22;1
a98d5a9f11ae9ff5a818c186567d9efa063e9e617f13061d560f24e6009937e7;2017-10-27;2017;10;27;4
2f7e94ab7e07e31b7eba9bbf7b81aae923500c91265b65f398d4711cbf799171;2018-12-17;2018;12;17;4
950dbdc960a9e25d656dfd5c15a5c8e16e6b12d2ee7e648c3468604905347587;2018-02-22;2018;2;22;1
f021dcb976004cefce67d7601c1a46d1b6a5891a02e7f444c1b00c92be85773b;2019-03-17;2019;3;17;1
262b112ee239c0fc3952272d91d1893beb1555c5d2a56e3276aeeacd6f1b067c;2017-04-22;2017;4;22;2
b3d530e6ae85581b709d5eb6045138420d3cc12971500672e27a0201abb768cc;2018-12-11;2018;12;11;4
c77d6e4af8f7826478db1576114b7bce510fd1c8a1a1b45f6732cc1d5fc6b0f1;2017-05-17;2017;5;17;2
60902123edaadc35becaa62a4b3b639d6f7c3630ddbadd853785fa309b187a8a;2017-07-13;2017;7;13;3
dd0d058b893677942933074baac98d5f6f992acf2083e1bb3f51368c9321b64f;2017-08-20;2017;8;20;3
51cd1f3230268df63bef61addd0f7777e8f27dabe92b8c1382bcd9fefcefbeea;2019-01-14;2019;1;14;1
4764ef368e033171177a919d6b60eb1ed9b427e55d65946b4333127da3f59d97;2018-05-01;2018;5;1;2
1cca724d7b541e5c912ef4fa5545edafa9bbe675f3e70c2d7b1bf3e722816543;2018-05-09;2018;5;9;2
1162014cc374f36fbff2f8e4d03a731bd4761127d5eb3f34a2f442d83f0ccf99;2018-04-10;2018;4;10;2
c57abc64b2292fcfd5f279de7e5134e8d0a4ac8c806d7341b5eac70447ed71c7;2018-05-08;2018;5;8;2
ac906039712ab4d175347e357d002bc9b6ad2cebc7a7532f43f92cf73cbd31da;2018-06-19;2018;6;19;2
989938988bdaee42910692e5af3eec481de6dc000d59e8a856153aa725cfc626;2017-06-11;2017;6;11;2
c41608e9c7c2dd3b9f4826c4d31a92c70fe059205f09ad4b560aaa71728ed655;2017-01-19;2017;1;19;1
58cf733592648fbfd2c733c1f2ed9f22ca98476b3de27b9822943b40f4429b65;2017-04-09;2017;4;9;2
e1bb0a9abcdb4c2096572bc65c8ed2c04244926a0fab8534f97069981a137648;2017-07-05;2017;7;5;3
04f05e0d5560fda7674f15cdfda18c5caac098ad8f4e9823776a44f1296a3c9e;2017-05-26;2017;5;26;2
50314309adbb1ee4d7c8d23df437d55bea37f438d0256ccb85bb6f0e33fb7cf0;2018-05-21;2018;5;21;2
793b3e4cdfa7cc42330549f7fba59c71072cfc5d655ceed3477a3b616baafef8;2018-08-18;2018;8;18;3
be0a1ea2441ef90a28814e1d2458fa1c8a6dce2f295a2a978eb79c7348066433;2018-06-28;2018;6;28;2
e4e39fdf3a5cf4433e27dd69006637eda6136e17eb7380e38203032a3749f48d;2018-01-11;2018;1;11;1
07181c4a8143d4d8ebb82b5ef38b335b308a2f5e8c6afed57e6b4a126896931f;2017-11-03;2017;11;3;4
f9f2b81b3cc1dc78d9e54da8af644a1786a6d26aff20cfd59cbcfc38e9df4c60;2018-12-29;2018;12;29;4
ee4df955efbe91001371386f6471cc1b26e8cef203d3310bd27819103b4fa631;2018-11-17;2018;11;17;4
9aeb5233f6da78bde05162c1626813c6e036d78f8e5fdd2e73628e1d10760391;2017-01-13;2017;1;13;1
bd3866c6bd703ea5f91ed42c1d18b2c54c36808f6df21890b830c061f41ace29;2017-07-30;2017;7;30;3
4f7dff7198e0e991f5822213c89117243255f1a99fd00fcf15de28e6a266ab32;2018-01-29;2018;1;29;1
c09ce45dd7f887e1f9ecaddf7f197a2bf7cd82a752dc442773191bbfe922fe40;2017-11-11;2017;11;11;4
56fc75f17d659ec39214b47c72868a0fbfb647fb4e48388122fc502142209084;2017-03-05;2017;3;5;1
3b77a473c1ce8bc45e02757f630a9033463b545c1a95affa7e7b72e0c322ab9a;2018-11-20;2018;11;20;4
02f1b42325fe89fae48b4ef7b710fe1e8c9fa74063ae1dfd12c6c2cfafc1d65b;2017-06-24;2017;6;24;2
bebd0ce2eac47d78732c6709b986c0a44d04d1abe555ca3d905abe7857d333c9;2019-01-27;2019;1;27;1
17c945485d6ad479301f4952c3e19d9a4c847df621cb91cef1a638acb44542aa;2018-09-11;2018;9;11;3
cfa252f50d78fd667cda2b5bd04b2fd6d4631b1a41a18267114009c0e22f5d07;2018-02-18;2018;2;18;1
18d5a9a1d96a1e024e1274aae40f5dcb36e23a25376fa117cf7b85b8e03c6cce;2018-12-05;2018;12;5;4
6b8bcb160b9830706d374560ca5146a6362c41014856d5600dccc85437341420;2018-07-25;2018;7;25;3
be9b61747bbcb842b681f58ce9eb8a4a22b104b314c3fd7b3c604737ada8a7f1;2017-02-22;2017;2;22;1
9fb8f21a1b69cb46cf31cd746038e3821af66e3b7fccdfcc9c5c37c842da232c;2017-04-19;2017;4;19;2
e81a241e952a0cb305ef358932a2943ef7ad17054e9caecb608763b79c23a900;2017-12-28;2017;12;28;4
9efd9260d65853e01976c1776b495045c224e5d208583548aa6d5f09afdafb19;2018-07-22;2018;7;22;3
dc57cf740e77b1d9ac6c0bc59ac9a27653c7840afc38c5bb28f22dd176c79fe2;2018-06-02;2018;6;2;2
fbd88368463beac7678ce84b90117e97e0e655236f86085de478b1ad0c8d3dce;2018-07-31;2018;7;31;3
b44bf88c09f94eb6756c599634f3275008f6600f4fb4ac6ba0e68d6976b50286;2017-11-04;2017;11;4;4
d58111c96876717bba8aca9cdbdc2b657961f19372e0c5b0f83816844fe57dec;2019-01-06;2019;1;6;1
f85cac456625ea9e37a6810c512b4ddd8a7cbb62e221a7d8eb0165d804a9c0f7;2018-12-12;2018;12;12;4
2b42a60e09d818d23563bac006cef2a44f25be6539cd3fdfc8d16e4ba6c7197c;2018-03-19;2018;3;19;1
e0b396fa67aeb1ae9a223f661f3eb9a52f9009f1e8a0a60fc036369d2880f71b;2017-09-14;2017;9;14;3
8c73c53532451e3ffecff2b4d52cf326b72127c857d8539de78a39aa516610d7;2018-12-04;2018;12;4;4
4404da40e0571e82d655c8defc5a3c0cff59f0f5ed657474f6db1c1d8d9fde40;2018-09-29;2018;9;29;3
2971be419c9912bb5061a4c4771cff53c115a7b442617c1f19b04a03b5fc1afc;2018-10-21;2018;10;21;4
8950bbf9e8fefa37fab89b467bb8b152b46653abb43ffbba300bf5897f7bbe22;2017-06-19;2017;6;19;2
2253057d1f63fd1aef4175e8133cddf728e2d8cc8d0b463917fb03b0032235ea;2019-01-21;2019;1;21;1
c92d8c198cdb93190cde522783b5c7a320c98e15b7634a9d5704d24c4ffacd13;2018-06-11;2018;6;11;2
7f8aabf2a1671d67888edcd9c015e20dc31e5590e54903e41ae9112970a6afe0;2018-02-19;2018;2;19;1
7572a52828c0191b914092d20d7f60338f011c9de2a348c0aeb6af8c35e513b6;2018-04-25;2018;4;25;2
f5d9125b2bce7b63f7b7c1824e4a7235e4b5743fde9b40d539e4ea7de927b047;2018-10-22;2018;10;22;4
591b3ebf95fe12567ce5f0a497d94c7775e0929e11f86fa6d9ef3d84b297c924;2019-01-03;2019;1;3;1
904d99e920b797461328d59fddf89d50f2a9c374b34d4d934c31bde03dc710b7;2018-07-16;2018;7;16;3
efe1ae9f04d6983dd5489d107343bf176cf3dd8feea503316d0e3a4fd82ec5c5;2017-09-30;2017;9;30;3
bd63c364a125998103349e19c0445a6d7eb5873e24c7f5176008248ba1296f3f;2018-09-02;2018;9;2;3
5539633120d075959d0f8118958ceafde61bd4e54366e59e3b2b1eaf3772a81b;2017-02-16;2017;2;16;1
616d81cc469d34e303176cea109486adcd1a9bdf502439b2fc21241993c627a6;2017-03-01;2017;3;1;1
0230444eb03f5fb9162dacfb8da5943af1b62e67e5da0353d378063338094220;2019-03-18;2019;3;18;1
bdcd73432a7de4d3c927049d2e0e3b2fdee5ffe8c9a3aa0c5c64796a29dd0b1e;2017-01-12;2017;1;12;1
c7d57f2f25901bd4fac7f051a0e16d6f6a0a4d5067ff6756dd530715c1f0eec1;2018-01-18;2018;1;18;1
3415d92bfaca3d1ecf1e3531facc50b580247cd2d08b791544e05734c4a4dedd;2018-08-19;2018;8;19;3
53452f3b38a20ce0de403f94e6143a91a9e01998c2a12c3068574994331f1ea6;2018-10-28;2018;10;28;4
3ba8c41ed309e435678a461a08cb06a5298d6e2d0fe214069cb1a2466e6f2433;2017-07-12;2017;7;12;3
e255260ac3823b7013e0c30d0171a33903584cd72b373c19479410d7dcb62bd7;2017-08-13;2017;8;13;3
440e41ba55c7d1525ee81786f07488641a2981d56eb0f19c1eb9c53bfbdba98e;2017-06-29;2017;6;29;2
9c41b0ad399a96f78f62370d84fc520a51fcc8a6b479ff344aa3f0dc0fcd6266;2018-09-23;2018;9;23;3
25dfca4e04009967a89b4ca456f9412e820f29147793e963dd4e77cfd83290ab;2017-05-05;2017;5;5;2
e419f1ee23f333691a42a331ebd6df54ea13772b80d0f0013b9cce14b3545616;2018-03-17;2018;3;17;1
8248b3a8f159a84b7df5e943595d3d24fdb218e243f9e01ccc667ec72fcd0ee8;2019-03-20;2019;3;20;1
6e256910a18bb649c966a344366cfecd3fa168f30d7a11a1c4da07dfe74d1284;2017-02-08;2017;2;8;1
5c48ab4bdaf3122bc78be2587040f5d3ef698b91da6aa73624d93e4da0858e04;2019-02-18;2019;2;18;1
e643c35cde5576756712cf9db367f2f5482e9e41d4027df34561625f42a352cf;2018-05-16;2018;5;16;2
2c6f618259b34e41bd30559552a8d679d37659a65465de1a457864fa6c912d09;2017-02-02;2017;2;2;1
471504d82032ce8c782c67caef8982f1fafc5b1378966fb7c425e4318858d960;2018-08-04;2018;8;4;3
fc85ade65bbf2d2b894bdcb22d27905dde81fcb4729ed1228f5d9a80a20e8456;2018-11-05;2018;11;5;4
dae39251402496152ad7e044da8f3d0c17d72737f691c30e6ed05ef60cfee1c9;2017-06-15;2017;6;15;2
9ba6308fa27e3c18697038c8320e65230a9abc9d2f65549afa7cefa6c819c9b2;2018-06-13;2018;6;13;2
ad030467f221aceaa68232da9041d69797d7b3bfaef4b9ff3d1f1e5d98823db5;2019-02-14;2019;2;14;1
d6b9899646032c9caed337feee3e9f176b48be6902243b4a0a77822e218ff9b2;2017-03-19;2017;3;19;1
f5a434e5430f5e2af95c45bb3fa1c237f4ddb2afbf13dc1e9555a88139e38a3c;2019-02-03;2019;2;3;1
940df98f708855b4d81bfc24803b3326473f9c351854b4c0c78df283057a3090;2018-07-02;2018;7;2;3
20ef54da2f2d7e9da7a86eddd6804dd3a1bccc8202bc3aac957500035abcd47c;2018-07-14;2018;7;14;3
c0fd60af404d430b4a557c1ecfc255c820c604b7b31f17e5b9294b88e71f9fe1;2018-03-05;2018;3;5;1
5fb48d522d35b4b4bc4720fe711e877fcfba46ec92de2350eb2efd10e8d939c7;2017-04-27;2017;4;27;2
720030bd381c2803d9154364123baed44881616854ef20aba90e3e3e2dc4271a;2017-06-25;2017;6;25;2
cdfa439de5d4958bf885a0b4ba85a859f5b70f593f2c5725108b8012d7f7019d;2017-11-02;2017;11;2;4
609adfa8229eb9140ff3d6daf82af2e85ce14c44fbf7afdaa50b7079e964f8a8;2018-03-21;2018;3;21;1
58e2c80bb27281dce04d195567eb74f0d99b34fc509fb6e4c60a720c4cd84242;2018-03-25;2018;3;25;1
47d8ebf309c1131189e905bef30d7d887a540cee10e10ef5758bde3d404442cb;2017-07-28;2017;7;28;3
5632577037cb07f9060b59e1d82907c7d1f7b8f58e4317ef4a867c883d2b9d50;2018-10-14;2018;10;14;4
ebaeb03d0849bd2257d2316ce7fbed4a88422eae78e46e4172359326f3460880;2018-03-24;2018;3;24;1
eb9bcad1ff7d36ee88ff15c4bc1dbbc3330d99d1e4b09a042e04a49fc334da52;2017-06-10;2017;6;10;2
92449f0db6b759039e612d7291f9e657544f6a5d382da7f9ffce7dca8655fbad;2017-10-08;2017;10;8;4
f9f6044a10aea5892aa43df484f168607daeddbde5d8b02f4bc62a61a11e11ee;2017-06-18;2017;6;18;2
1ce45c6f7052982bf4f6c83521d94bb6fe8ded8391e852bc3d19ebbf9a787729;2017-11-19;2017;11;19;4
04febc29e1760863681423a6bf4002311881792d5047f8cdee87b81167f02f8a;2018-09-15;2018;9;15;3
1ee8dd18f4976506bee2847a7a8f405793eacfcaf54ef505eb0fb2a3a0c0f54f;2018-12-30;2018;12;30;4
2342e03c2e686f01ebffc021e0c38b87ac505ceda679b13557480e5a129e9db5;2018-02-14;2018;2;14;1
503ad92e57aecc3c0f2ed2e31450167ff94cf6bdc443aa284d71172271ff61e0;2018-06-25;2018;6;25;2
1cb0a9013e5da66b036483902bdd27f495a982844e19ee6857f52b44c3bcf90c;2019-03-13;2019;3;13;1
f8c3da33ba0ba5fbd297b30b9f72eeb7ab0e18909c228c0e59bc7d8563d13674;2018-05-29;2018;5;29;2
c02c695610a484483ca63ba4dbc6ebcdfd0a7f76cc65c82335f3d9674cddc4fa;2017-10-07;2017;10;7;4
1df805f163b2820bc656dd7d80666a5e4ac5151ff32fc55fe0ddf068b7aae387;2018-06-03;2018;6;3;2
9dea5c62c3dba2fdc1d74ba4205fcf8bdc736b318d42b37816897eba046b39bd;2017-03-24;2017;3;24;1
ea63c52ef974c937368cf1536bcc93f295de41fed7b285f121d8f310594e06fe;2017-02-09;2017;2;9;1
b35d02fbc21b998fa4c2f575b35a60a569f291a54c736dfbb316a0660b230abd;2017-04-13;2017;4;13;2
ef0b82be02db160bc99aa4f63c26377019f614691edb793037c73b9845825a79;2018-10-10;2018;10;10;4
670d0fa8a372e0588f224d66cf61cb869b8d9d7661568d00e5870f93941579dd;2017-08-09;2017;8;9;3
8c332063485c5e30aa070e86697287b06a56ebe06407df90b171cbde154da4ef;2018-05-12;2018;5;12;2
2313633cf538c9414e98e4a7fa22dd2ada2febeb69b0999bc55b16cd2ad61de0;2018-03-18;2018;3;18;1
90476dce9fc13773d3c80a080ff7e32dea72c10da10772b7047e8f2a8dc536f7;2018-09-09;2018;9;9;3
ed633093c56bb128e84ef773639e06129e2070b11674fca54eb404a4b908f8e9;2019-01-13;2019;1;13;1
a014b56173c01552c5c67043d7ba867b23632df1adbf7cfa297209db1dfe883e;2017-05-06;2017;5;6;2
1ed2eff5e29cea50913a7f480a1bcd9dc14b07dda683b084fea69c9da84bfd9c;2017-01-26;2017;1;26;1
948d04ba99597c225033695d57cf39ba1e884b4217ea6988017528907c4424a2;2017-10-19;2017;10;19;4
fe0e006ff30c010efdc2b79ee445b5efc62b22daad12917624f0adf9af7a2004;2017-12-31;2017;12;31;4
2757b34883b6284daa921f938f30f737e079769278f99c4918d2565bdcd8d8b2;2017-08-31;2017;8;31;3
692fbe41a8e977676f6f3c3bf43de60416b99cd9aff1569ce0d43efd96f6ec48;2019-02-19;2019;2;19;1
3d95d1589d234e3d131e99204782aacba63ced6ce1e74923eaea31a61aed77ff;2018-04-15;2018;4;15;2
3bc9de75c879989a519b9f54b2e3b526d0068f9f360579ea1de8bb349733a71c;2018-11-19;2018;11;19;4
3e337b43bd9b11d725c3832cb0a8ce8cc4877da40465c53d1cdffb95b89a5b35;2018-10-13;2018;10;13;4
0973501571bb97db0b5c4cc3d0a2a67e3a47fc22c830dda85e2b2b1dd17bdf2b;2018-01-16;2018;1;16;1
566d8177aadd79efeaafe49bec6c04080d40565e2c698bd306a6cde2df019167;2018-08-20;2018;8;20;3
cd8b1b3c578a25d00f6703a292f61955e1a1d7e10d9c35dba797bdf0a50c849f;2019-03-10;2019;3;10;1
15dbfd25b909b855fee77f462b406ea0cf9b09daa5e572830a3f9fece1395bc8;2017-10-12;2017;10;12;4
9b04b5700d4912e5f4913012f3118313380a5bfe5280cdd3c3aa64eaeb811c2e;2017-12-02;2017;12;2;4
9a95b11e4293b731c8f7b910d5bed670cce6a2f0b464f3a33f2df18c90815b71;2018-12-31;2018;12;31;4
55d06f19010b89c8c9e39330ae56579756f7feb9b45f3e36ad35bbe514efa7e8;2018-11-25;2018;11;25;4
6939963102438fe3cc371de6bfbb03e33c4988b107d169045de694a64fc1b5df;2018-09-18;2018;9;18;3
dcdfd58378a778641790b7701951c30d92e72856ec34e4f42171b77697aa149f;2018-06-07;2018;6;7;2
4a328a2fae578cb5389c7ff53c69069b854635b3e637f75902c2815aea5f9c51;2018-08-25;2018;8;25;3
459b27072150e7ce737c4d237e2fdc364fe5493ccebe9ec9d687ebcbc54c0ca0;2017-05-14;2017;5;14;2
0e56d2856599a26ad6e8796af73bea38073e29fa10836cd1f56d622adaae9514;2018-07-24;2018;7;24;3
4add568796df25a4f2217c1f57f4981da37b7bf773fb16b6c5bea15e1c544ff1;2017-02-11;2017;2;11;1
e2e07d4368a28f7ddc5fde193bcb163596d1881399873dbed1b7b7a503fb50b2;2017-10-26;2017;10;26;4
2a71058da95712b1a071c0f7f0d4fc421b308dff6fa123b276a42f27de49c7f5;2018-08-11;2018;8;11;3
bf777ab01a2c4fea23750b7cbae6ec27174464db17f8e76799bde68f24574dc3;2018-04-09;2018;4;9;2
3a478e31dd103ecc7f257d8e16ed681c763da9975b6587efc4ac5d4aab07b0b5;2018-07-28;2018;7;28;3
33a0236389ea7c834e61996a69219b3eaa63fb7440a3bd91013d4445b8ea6d69;2018-06-21;2018;6;21;2
e79c407d66962ec8d82254680ba1659124971d6e75ef876789dead039224bcc0;2017-09-24;2017;9;24;3
c3ff4e25088201650092469192771daf580d7fec7a7244ca6bfd6b852545498d;2019-02-28;2019;2;28;1
61cea93de2ebb8b33e31d5418579bd9484e506a70a6731c23d6df93020375f37;2018-11-26;2018;11;26;4
01c45c61a0a32028f1ae271b52cad1b5d8e288a15d1d8e5a8b00f9ab7019c4d0;2019-02-12;2019;2;12;1
708c56fa3bb9c865c5b1d28ceb6d24a5ad907fa10d266f791c9f4400eca10c04;2018-01-05;2018;1;5;1
0607b213e0551273b55eda41613a5f41e7412ec2465965e2c2f8e8503518c5f5;2017-04-28;2017;4;28;2
118de7376c851abf3c616eafc89296c485ed778e6d49ee28128bc330c2ee259f;2018-05-28;2018;5;28;2
9c161a45a51ff763ab9d95c370b2354602528cd21c88596929d53929bf51f554;2018-05-13;2018;5;13;2
3701cb18440c214003e81f2f68a5cdf2f62145982e44c293f27a4e543c87b3f2;2018-09-04;2018;9;4;3
a449872b368e96c44e3cbdfdef53ec10a856b94e84a2dd2e82f5fe814fbffc9f;2018-06-04;2018;6;4;2
4afdf14d87c0497fc66f23aea1a182057f0951b5bd5d757bbafa8560dd6d3410;2017-02-19;2017;2;19;1
0ddd091b20c1e32aa3b40b58ed5a3a49252fdf6cc03604c34be0600c96138b2b;2018-09-22;2018;9;22;3
b29323cd4f522fb4766935c37899ae7c858d7fe99acb0d42598478e71cb0977d;2017-03-03;2017;3;3;1
18441bf2516a6d961c772699b2fcc427cf45cf5f71fc4eedf3be48ddc520ad64;2017-06-30;2017;6;30;2
af4928bb408f7f49204efdd402d8799a7fcaf6717bc100e4cb4a382bdbbc5b3a;2017-08-18;2017;8;18;3
74e40190ecf8856c52cd1d797ac774f5dc998ea8e2dc38ab17e4be0ebcaabb9d;2018-02-01;2018;2;1;1
4b5e83d4871ccf91ddd99522acbe82957e6e3ea6d1f9f0cb17e65e6f34fb3b57;2017-12-16;2017;12;16;4
e064765b1309950f0d06c387d547be0de2646aa55ebae4f2cfd640e827511061;2017-11-12;2017;11;12;4
2055e4bbaecff25031a021fc3301c579263b8f04704b092536468a38ae2f8197;2018-10-02;2018;10;2;4
f9ba5874530da61c9463c67191a038fc84f593ed48d3fafc8363f684416cce7c;2017-09-06;2017;9;6;3
add03ee250c145e4b9354fa9768b0b5809ca64a0e029f9aaebaeabbab088ce1f;2019-01-24;2019;1;24;1
025eaf3683332459af70190821ff7a9acafe049ef1fef461131bc9543d112b65;2018-04-08;2018;4;8;2
ab796505521411c7b2aa54010fa26557409e1cb9221956504ae915ca203548cc;2017-08-27;2017;8;27;3
2cdd4299ce4258a0bf23450260d796c5ff59d981b08248db8a10bf1b31b1269c;2018-01-21;2018;1;21;1
b85dcc455622600ab7ea2ef2c0bd01df1f2abf21e0f99585f925c1cc73617fb9;2017-07-09;2017;7;9;3
ead939e1f365f9b155a3f6c7135bf45e2a7eca39f7be954dcd1528c2fe7c7a35;2019-03-06;2019;3;6;1
71103176f596722448614b810a9ba153d219c7fde0acbc527e0fba674d9c1bd7;2017-03-22;2017;3;22;1
6cfb0d6769568faaaf937f3afc291ccfccbe6c77c3a3518dcabec30b9fd69603;2018-11-10;2018;11;10;4
bb53b395cb01e5787ddb1dea0bc3016100d12a7fb2e36db01714f2ce87210db4;2017-10-05;2017;10;5;4
6e49c5100dcd16fc42b349d537c8e524231069903ca333c0704c814db9097f02;2018-10-09;2018;10;9;4
3415e4d20d963d66c2e44aab82e7b8d265140372dd9f86e82dbc1ba882054de1;2018-12-16;2018;12;16;4
9177bc27b4eda210ee643d7a67ca9cc11543145bb39fde1790761815cc561376;2017-02-01;2017;2;1;1
dae9a2a0aa5966cae4653ecff8cd052a783f5319c7bacce23fb489b08232b330;2018-04-01;2018;4;1;2
7b950a0e80b40eebc13f67d3b8018e03d8c712d31d9b9d8ae34f97ed4da4033e;2018-06-12;2018;6;12;2
3626d154a181ef5a30c7f2247d4afd4bbd87d509662f92eb7063b1065d91215a;2018-10-29;2018;10;29;4
2124ec2fd1ad41e7c323fe7616b96da37638dc472ce773eea5a776028762c6ee;2017-10-18;2017;10;18;4
c7b8b2dc4ba8ff15b7d61486f8300f1fad954434d2f0b2fd3653adcc05295a5b;2017-05-31;2017;5;31;2
81eef8339f5bdab1f1bf9111f299500101615d9f75b1dd2138a71a80c48e77db;2018-07-23;2018;7;23;3
373ffc198e96288e756c2068ad9df3686ac44a73d64553360a8cae9a46d8b1bd;2018-05-14;2018;5;14;2
6f0df8faa4b962ae2a46b88eba6d614180bf33f42aac2b0599877bfd050fba0a;2017-04-05;2017;4;5;2
f920b0a78250e7ba4493a5a877a770fe2148a9a00548a387ef19f60472b96e21;2017-08-06;2017;8;6;3
c155691e58b3b97db8496eed33a60ce43287c84e9f1aaf7bc04948a7281e7fa7;2018-11-06;2018;11;6;4
d359c3a7164e120625fcb2208d7e0a7ae4018f04bb7add82d814b277ac3714fe;2017-06-01;2017;6;1;2
d3937cc7e3b32a6c2ad95c436bb8dcd1a1ca85de191f34c90190fb646141eee7;2019-01-02;2019;1;2;1
1c405d4806b801b7d997556b976ee87d89cd80beb6699c8df44d33c9ca6c2bf1;2018-07-08;2018;7;8;3
6666585c3ff0ea6b195e7adc49a6e2557746c166e5f1086431af7cfa6695df25;2019-01-15;2019;1;15;1
0b443cf5724682c46b7ff0d59b79dad120d3476ba7193cefcf5c376ca1218b62;2017-04-08;2017;4;8;2
559fd7312ea8d838c17284e59ff046ac7421a8892bc234ac3caf0fa1e86b364f;2017-06-09;2017;6;9;2
b8fc888f82538c6ca86d09d025536e08021ad78fc49bce4b45dddb251aeb697d;2017-03-29;2017;3;29;1
d10c8ee33839afc0619af9e6cdfda63403c3c362caa9d70fe5d39611f60d06da;2018-07-07;2018;7;7;3
f6683377ebd6e66ab49368067c8bb9a9e864a3c4f057fcd3f4a6c18f48aa431a;2018-10-23;2018;10;23;4
b7577dbfc458d6a9a0120d47c7b2cb96c8ac46ee2036009a4e6d100fc590415e;2017-06-08;2017;6;8;2
faa5dd28987ed582e19ad7d3f4a95e1f9488da94add89ec9172ae3ba3fdd35d4;2018-04-21;2018;4;21;2
94cfb0491f117890dcf61f432f7cdad5a0a7a2c997cadfbde3bbb682545780ea;2019-01-16;2019;1;16;1
76f0bb7aa326af28539c4eb38aac25792dc3accf16e4f8a07689adc575136704;2017-08-19;2017;8;19;3
3283b3166905de7660275d1f0e884081f12c0096cf80fd8ad0d8e6ae2cc23da0;2017-08-30;2017;8;30;3
3c959e5dd0cb7b45eec156ec7258f9dbef9e126e0a483f78210f22602dc79afc;2018-12-23;2018;12;23;4
99740ba0ce206901b4f6923f4a90a29f8f568709ca2eec2f152c4278fe0e2122;2019-01-22;2019;1;22;1
a3161a5037229afb89235d3a4a5864f1a4d6b3dfee38b18203e02562d73fc01c;2018-12-19;2018;12;19;4
301308365882534a2a0e6ffa2574c79d45f545f5eb1facfe2e3bfcccf4d0efbf;2018-12-02;2018;12;2;4
456e783539246c9c1231b714a48059f71dc46d647a17141117903054d6544b68;2017-02-15;2017;2;15;1
f7c4e7e3cc2e72b0c7dc79c73546fa4ffff685a07847844d55ffbb14242cdf00;2018-05-15;2018;5;15;2
b42dcdf7b64e1fbff367d164f912479d79a953b6c963d9f44d53b953ad028509;2018-03-20;2018;3;20;1
2d809a6755f6daffb7eff510bab0561a50e09dbf4a1df84d9686ca11338c3c98;2019-02-21;2019;2;21;1
98b1fc544e3b0f8f5a4de155fe495baf7e4b5f8257551da364d265ac6f67e14d;2018-06-26;2018;6;26;2
9e22349944cc07f3bae5715bb23b835b24efb38769686da607ab23cb62273ef9;2017-01-21;2017;1;21;1
551f5f1578b53e6e69f63fcb012d4435731e0e243f6757aa9707832cce509ead;2018-07-18;2018;7;18;3
cded0e696d96a5228a1a1eb0c0831f5c3e809bf85e96b9ec4a360c609bf5b5bd;2018-11-13;2018;11;13;4
485a77900d8f9e7f034cf9ff43f04154f46e640800d6333a2aa438cf837a8572;2017-12-06;2017;12;6;4
0486f61848af7e2d83fb49267a6fa60b9f7b79fa78f9f578739e7dc7f3f80bb6;2019-01-29;2019;1;29;1
f40e21d8a3407040ea569f3750ddb97522356d4176863563cff2bdbb7d54c77d;2019-01-10;2019;1;10;1
c7b027d29d2ea79232b88a01cee4af09bddcd708f627a93215e1025d74a831eb;2017-12-29;2017;12;29;4
5ddda05482c459a63e91d62a11613cdbf6c2666fdc164b91c27718564080953c;2017-02-25;2017;2;25;1
47b4220d6815289afb5624829d3b81abbf9405d2b861909d1cab3ac909af33f7;2017-04-23;2017;4;23;2
616c61fb597f27e53d3d20f0c9fee5a8bf703bd9e5f02a3d5d2b7932e577c6c8;2017-12-08;2017;12;8;4
157bb2b6b85d5d79f365e1b23b611bf69c3ceef199a1e4b261026086ff20f332;2018-04-14;2018;4;14;2
ca006b3cfc9c4de2c3a32fc0b9bfeb3aa5f749ffa0be5d560c5a95652004e46a;2019-01-20;2019;1;20;1
ea9024e5956bc57ae82f84ba1f5af443c07f14cd10956d549653d9075a300377;2017-02-03;2017;2;3;1
922b31497f3cd7a7d248eba7c6f202b2212c21b81bd29b0a123e86fc0ad71392;2018-02-26;2018;2;26;1
4f56ed89721ddff01cc1c353b50374f706bbd0d7468fc26c1296f75632de5f85;2018-07-29;2018;7;29;3
ee58aa67d4464593001dea45dbf4f896f06d345bc1c327cf0cef9d952c636528;2017-12-22;2017;12;22;4
3f1a004be52eb1ef96728b46c1387518d205452c207c1513c8f0549ac8996d80;2018-08-15;2018;8;15;3
64085df800a5f78873e468a8e55a92dd81358f19eeb887dc87b20f5b166b9d79;2017-10-14;2017;10;14;4
fba0c3664f1858277387912cbbf3608907b901ae3a94ff2cc8d5d66ff9073d6d;2017-11-25;2017;11;25;4
e52c4a0a1562db7de6df549b2c13441284d5cd465c3c86ed57fe15d9b6d87fc7;2017-07-06;2017;7;6;3
a639c2c8281952e38c40619792896f5ea5824fa950c203540d00e2f6ac0a9fb0;2017-08-26;2017;8;26;3
94ed278df2dd354ccb5adb56b79db7e84e94580d84a722fad6adf4b706137902;2018-10-16;2018;10;16;4
65c0317a1e5e7c852258529426419318b4223f1c66909bc3e669fd27a4b57ae2;2017-04-07;2017;4;7;2
f45e629252dee65b1e0ddb023d3912f0e8d6d0932336939db36e808383c24ee3;2018-12-15;2018;12;15;4
4e11535a3d0fc51c195a43925749be3ab528ae956c6bcbc8c39a1ef5d09a9df3;2019-02-05;2019;2;5;1
81d19e25c6c0f0f65da30f4c1d34e09ea67fc3f6708db81efbba55da85f4d9cb;2017-01-28;2017;1;28;1
dd401a8f640b1c41b1f756d3bea66c2eeac6d6536207c71acdabf26e1684e3cb;2017-03-17;2017;3;17;1
53522fca05aae3be83d7ccf2426ed882f364e517fcf7d6b9e68fc0170f18bb6f;2018-08-28;2018;8;28;3
b6a4c1fd67b0039d78ffee73bb8d6d2907ac21deeef7bde63b073409d9449c59;2018-04-23;2018;4;23;2
fb9117969b8e4e9bdc01df0102de6e4086d11405934723c62afa0626ce570dc5;2017-05-21;2017;5;21;2
05be8273cfbde3a2b7ac70d437d29944adea5fa2da16419f863c1ba546a07ad1;2017-01-18;2017;1;18;1
300f1f975b1a2fac9d91e8d3d9595432eaab060f4cfc428188e8b3c603587057;2017-10-15;2017;10;15;4
e3d7e877d1d1dd5f26ade9e16ca2c480370f6d591e35d3ae7bdebea4a8ce9ea6;2017-09-10;2017;9;10;3
4837d398a0239ee46269bfed22ddb6de59fcd6cc506e88bb01d1beaf68028022;2018-08-12;2018;8;12;3
1aedcff295836fc21383f29d110d44b2bb4bd830d53221a14923a421169bd3ac;2018-09-24;2018;9;24;3
9706250d7c737db568a37e8b5938f97bf94651460df56a8615288817fdf793c8;2017-05-19;2017;5;19;2
e96409a1636e1abc9fd32b2fa6f89e596933a246d19b539ead6fec4a38bef088;2017-11-17;2017;11;17;4
937b846c84effbe2d0335b0886ff01ce844e9460af69d3aaf67776939aa1c5e0;2017-12-14;2017;12;14;4
e5ff73d50d3acedf7f91fc7ad7633177c00af23f6d3a0f884c9443d187e108f7;2018-12-26;2018;12;26;4
4b397387047147a146be96ee4ca901c0df07c2728312b3f36cf18442d5819e72;2018-01-28;2018;1;28;1
7ad2fee293aaf08f9b609a28cb68a135645bbfed191030bf6d8ce7e8b8003a03;2017-07-07;2017;7;7;3
2dd978d69b46447fbbb883055cf3ad344fd6ad0ca06426ba82dc5271eefb6fd2;2017-01-29;2017;1;29;1
d0dea57621f9a13668b1c5f65be599ae1107d991b16a885e4266e769048bcc3b;2017-05-03;2017;5;3;2
805c2ec72a1d6181f0ce1739d6b8a58bbdde72e592f45352405c088baf2172c1;2018-08-01;2018;8;1;3
761fc97ea12c6c36e1da81b935348dcc0cfcd575d36ce6cfcf5b3b6d4da57549;2017-08-04;2017;8;4;3
efa15595069b28ebd2c5665edb5fca934226769e849ec7584e0f09faee50ddbb;2019-02-26;2019;2;26;1
c7490a7af8dd95eb6a8c8114bcef62f38c169abb42af13067d1e46e38ef37e08;2018-02-05;2018;2;5;1
